explicacao_ementa,apreciacao,ementa,situacao,tipo,ano,numero,autor,regime_tramitacao,links_inteiro_teor,data,id
"Revoga a Lei nº 4.771, de 1965 (Código Florestal); altera a Lei nº 9.605, de 1998.  
PL chamado de novo Código Florestal.",Proposição Sujeita à Apreciação do Plenário,"Dispõe sobre Áreas de Preservação Permanente, Reserva Legal, exploração florestal e dá outras providências.",MESA - Aguardando Retorno ,PL,1999,1876,Sérgio Carvalho,Urgência art. 155 RICD,http://www.camara.gov.br/proposicoesWeb/prop_mostrarintegra?codteor=15847,1999-10-19,17338
"Inclui várias práticas comerciais como infração à ordem econômica; altera critérios para notificação sobre ato de concentração e para a instrução e apreciação do processo por parte da SEAE, SDE e CADE, órgãos do Sistema Brasileiro de Defesa da Concorrência - SBDC.",Proposição Sujeita à Apreciação do Plenário,"Altera a Lei nº 8.884, de 11 de junho de 1994, que ""transforma o Conselho Administrativo de Defesa Econômica (Cade) em Autarquia, dispõe sobre a prevenção e a repressão às infrações contra a ordem econômica e dá outras providências"". ",Tranformada no(a) Lei Ordinária 12529/2011,PL,2004,3937,Carlos Eduardo Cadoca,Urgência art. 155 RICD,http://www.camara.gov.br/proposicoesWeb/prop_mostrarintegra?codteor=233311,2004-07-07,260404
Conhecida como PEC da Música. Altera a Constituição Federal de 1988.,Proposição Sujeita à Apreciação do Plenário,"Acrescenta a alínea ""e"" ao inciso VI do art. 150 da Constituição Federal, instituindo imunidade tributária sobre os Fonogramas e Videofonogramas musicais produzidos no Brasil, contendo obras musicais ou lítero-musicais de autores brasileiros, e/ou obras em geral interpretadas por artistas brasileiros, bem como os suportes materiais ou arquivos digitais que os contenham.",PLEN - Aguardando Encaminhamento,PEC,2007,98,Otavio Leite,Especial,http://www.camara.gov.br/proposicoesWeb/prop_mostrarintegra?codteor=474630,2007-06-26,357094
"
  ",Proposição Sujeita à Apreciação do Plenário,"Aprova o texto do Tratado de Extradição entre a República Federativa do Brasil e a República Popular da China, celebrado em Brasília, em 12 de novembro de 2004. ",PLEN - Pronta para Pauta,PDC,2008,1351,Comissão de Relações Exteriores e de Defesa Nacional,Urgência,http://www.camara.gov.br/proposicoesWeb/prop_mostrarintegra?codteor=627718,2008-12-18,422002
"Regulamenta os §§ 2º e 3º do art. 198 da Constituição Federal de 1988 (texto da Emenda Constitucional nº 29, de 2000).
Cria a Contribuição Social para a Saúde (CSS). (Redação do Substitutivo).",Proposição Sujeita à Apreciação do Plenário,"Dispõe sobre os valores mínimos a serem aplicados anualmente por Estados, Distrito Federal, Municípios e União em ações e serviços públicos de saúde, os critérios de rateio dos recursos de transferências para a saúde e as normas de fiscalização, avaliação e controle das despesas com saúde nas três esferas de governo.",MESA - Aguardando Retorno ,PLP,2008,306,Senado Federal - Tião Viana,Urgência art. 155 RICD,http://www.camara.gov.br/proposicoesWeb/prop_mostrarintegra?codteor=562356,2008-05-12,394079
"
  ",Proposição Sujeita à Apreciação do Plenário,"Aprova o texto da Notas Reversais entre o Governo da República Federativa do Brasil e o Governo da República do Paraguai sobre as Bases Financeiras do Anexo C do Tratado de Itaipu, firmadas em 1º de setembro de 2009.",Tranformada no(a) Decreto Legislativo 129/2011,PDC,2010,2600,Representação Brasileira no Parlamento do Mercosul.,Urgência,http://www.camara.gov.br/proposicoesWeb/prop_mostrarintegra?codteor=765476,2010-05-07,476031
"A lei nº 10.891, de 9 de julho de 2004 cria as seguintes categorias de Bolsa-Atleta: Categoria Atleta de Base, Categoria Estudantil, Categoria Atleta Nacional, Categoria Atleta Internacional, Categoria Atleta Olímpico ou Paraolímpico e Categoria Atleta Pódio.",Proposição Sujeita à Apreciação do Plenário,"Dá nova redação às Leis nºs 9.615, de 24 de março de 1998, que institui normas gerais sobre desporto, e 10.891, de 9 de julho de 2004, que institui a Bolsa-Atleta; cria os Programas Atleta Pódio e Cidade Esportiva, e dá outras providências.",Tranformada no(a) Lei Ordinária 12395/2011,MPV,2010,502,Poder Executivo,Urgência,http://www.camara.gov.br/proposicoesWeb/prop_mostrarintegra?codteor=840060,2010-09-21,485274
"
  ",Proposição Sujeita à Apreciação do Plenário,"Ratifica o Protocolo de Intenções firmado entre a União, o Estado do Rio de Janeiro e o Município do Rio de Janeiro, com a finalidade de constituir consórcio público, denominado Autoridade Pública Olímpica - APO.",Tranformada no(a) Lei Ordinária 12396/2011,MPV,2010,503,Poder Executivo,Urgência,http://www.camara.gov.br/proposicoesWeb/prop_mostrarintegra?codteor=806139,2010-09-22,485275
"
  ",Proposição Sujeita à Apreciação do Plenário,"Dispõe sobre medidas para assegurar a sustentabilidade econômico-financeira do Banco Nacional de Desenvolvimento Econômico e Social - BNDES, sobre autorização para garantia do financiamento do Trem de Alta Velocidade - TAV, no trecho entre os Municípios do Rio de Janeiro - RJ e Campinas - SP, e dá outras providências.",Tranformada no(a) Lei Ordinária 12404/2011,MPV,2010,511,Poder Executivo,Urgência,http://www.camara.gov.br/proposicoesWeb/prop_mostrarintegra?codteor=814911,2010-11-08,485758
"
  ",Proposição Sujeita à Apreciação do Plenário,"Altera a Lei nº 9.440, de 14 de março de 1997, que estabelece incentivos fiscais para o desenvolvimento regional e da indústria automotiva.
",Tranformada no(a) Lei Ordinária 12407/2011,MPV,2010,512,Poder Executivo,Urgência,http://www.camara.gov.br/proposicoesWeb/prop_mostrarintegra?codteor=823073,2010-11-26,487868
"Altera as Leis nºs 12.249, de 11 de junho de 2010; 11.887, de 24 de dezembro de 2008;  11.079, de 30 de dezembro de 2004; 11.314, de 03 de julho de 2006; revoga o inciso IV do art. 3º da Lei nº 11.887, de 2008.",Proposição Sujeita à Apreciação do Plenário,"Autoriza o Fundo de Compensação de Variações Salariais - FCVS a assumir, na forma disciplinada em ato do Conselho Curador do Fundo de Compensação de Variações Salariais - CCFCVS, direitos e obrigações do Seguro Habitacional do Sistema Financeiro da Habitação - SH/SFH, oferecer cobertura direta a contratos de financiamento habitacional averbados na Apólice do SH/SFH, autoriza o Departamento Nacional de Infraestrutura de Transporte - DNIT a utilizar recursos federais em apoio à transferência definitiva do domínio da malha rodoviária federal para os Estados, acresce o Porto do Pólo Industrial de Manaus no item 4.2 da Relação Descritiva dos Portos Marítimos, Fluviais e Lacustres, integrante do Anexo do Plano Nacional de Viação, aprovado pela Lei nº 5.917, de 10 de setembro de 1973, e dá outras providências.",Tranformada no(a) Lei Ordinária 12409/2011,MPV,2010,513,Poder Executivo,Urgência,http://www.camara.gov.br/proposicoesWeb/prop_mostrarintegra?codteor=823798,2010-11-26,487966
"Revoga  dispositivos das  Lei nºs 11.977, de 7 de julho de 2009; 6.015, de 31 de dezembro de 1973; o art. 2º da Medida Provisória nº 2.197-43, de 24 de agosto de 2001
 e a partir de 31 de dezembro de 2011, os arts. 5º e 12, o caput e o § 2º do art. 18 e o caput do art. 19 da Lei nº 11.977, de 7 de julho de 2009. 
",Proposição Sujeita à Apreciação do Plenário,"Altera a Lei nº 11.977, de 7 de julho de 2009, que dispõe sobre o Programa Minha Casa, Minha Vida - PMCMV e a regularização fundiária de assentamentos localizados em áreas urbanas, as Leis nºs 10.188, de 12 de fevereiro de 2001, 6.015, de 31 de dezembro de 1973, 6.766, de 19 de dezembro de 1979, e 4.591, de 16 de dezembro de 1964, e dá outras providências.",Tranformada no(a) Lei Ordinária 12424/2011,MPV,2010,514,Poder Executivo,Urgência,http://www.camara.gov.br/proposicoesWeb/prop_mostrarintegra?codteor=825950,2010-12-02,488607
"Altera as Leis nºs 8.248, de 1991; 9.648, de 1998; 11.943, de 2009; 9.808, de 1999; 10.260, de 2001.  
_ Reduz o percentual do imposto devido sobre os bens desenvolvidos no País na categoria de bens de informática e automação; extingue em 2035 a cota anual da Reserva Global de Reversão; prorroga até 2015 o benefício de isenção do AFRMM para os investimentos no Nordeste e Amazônia; extingue o Fundo Nacional de Desenvolvimento; aplica aos financiamentos do FIES juros capitalizados mensalmente.   
_O PLV 13 de 2011 inclui alterações às Leis nºs 10.150, de 2000; 10.312, de 2001; 11.096, de 2005; 11.128, de 2005; 11.180, de 2005; 11.371, de 2006; 11.909, de 2009; 11.941, de 2009 e 12.249, de 2010; revoga dispositivos das Leis nºs 10.260, de 2001 e 11.096, de 2005.;  define regras para compensação de débitos e pagamento de precatórios da Fazenda Pública;  torna parcialmente desafetada a reserva particular Seringal do Triunfo no Estado do Amapá.",Proposição Sujeita à Apreciação do Plenário,"Dispõe sobre a incidência do imposto sobre a renda nas operações que especifica, altera as Leis nºs 6.404, de 15 de dezembro de 1976, 9.430, de 27 de dezembro de 1996, 11.478, de 29 de maio de 2007, e 12.350, de 20 de dezembro de 2010, institui o Regime Especial de Incentivos para o Desenvolvimento de Usinas Nucleares - RENUCLEAR, dispõe sobre medidas tributárias relacionadas ao Plano Nacional de Banda Larga, altera a legislação relativa à isenção do Adicional ao Frete para Renovação da Marinha Mercante - AFRMM, dispõe sobre a extinção do Fundo Nacional de Desenvolvimento, e dá outras providências.",Tranformada no(a) Lei Ordinária 12431/2011,MPV,2010,517,Poder Executivo,Urgência,http://www.camara.gov.br/proposicoesWeb/prop_mostrarintegra?codteor=832161,2010-12-31,490375
"Fixa o valor de R$ 2.338,06 (dois mil, trezentos e trinta e oito reais e seis centavos) para bolsa de médico residente e garante a licença paternidade e a licença maternidade. Prorroga até 31 de dezembro de 2011 a Gratificação de Gabinete ou  a  Gratificação Temporária dos servidores ou requisitados pela Advocacia-Geral da União.",Proposição Sujeita à Apreciação do Plenário,"Altera a Lei nº 6.932, de 7 de julho de 1981, que dispõe sobre as atividades do médico-residente e prorroga o prazo de pagamento da Gratificação de Representação de Gabinete e da Gratificação Temporária para os servidores ou empregados requisitados pela Advocacia-Geral da União.",MESA - Arquivada,MPV,2010,521,Poder Executivo,Urgência,http://www.camara.gov.br/proposicoesWeb/prop_mostrarintegra?codteor=832160,2010-12-31,490387
"
  ",Proposição Sujeita à Apreciação Interna nas Comissões,"Abertura de processo disciplinar contra a deputada JAQUELINE RORIZ (PMN/DF), por quebra da ética e do decoro parlamentar.",MESA - Arquivada,REP,2011,1,Partido Socialismo e Liberdade,Ordinária,http://www.camara.gov.br/proposicoesWeb/prop_mostrarintegra?codteor=850166,2011-03-16,495215
"
  ",Proposição Sujeita à Apreciação do Plenário,"Institui o Programa Nacional de Acesso ao Ensino Técnico e Emprego - PRONATEC; altera as Leis nº 7.998, de 11 de janeiro de 1990, que regula o Programa do Seguro-Desemprego, o Abono Salarial e institui o Fundo de Amparo ao Trabalhador - FAT; nº 8.212, de 24 de julho de 1991, que dispõe sobre a organização da Seguridade Social e institui Plano de Custeio; e nº 10.260, de 12 de julho de 2001. que dispõe sobre o Fundo de Financiamento ao estudante do Ensino Superior; e dá outras providências.",Tranformada no(a) Lei Ordinária 12513/2011,PL,2011,1209,Poder Executivo,Urgência art. 64 CF,http://www.camara.gov.br/proposicoesWeb/prop_mostrarintegra?codteor=864726,2011-04-29,500079
"
  ",Proposição Sujeita à Apreciação do Plenário,Autoriza o Poder Executivo a criar a empresa pública denominada Empresa Brasileira de Serviços Hospitalares S.A. - EBSERH e dá outras providências.,"
  ",PL,2011,1749,Poder Executivo,Urgência art. 64 CF,http://www.camara.gov.br/proposicoesWeb/prop_mostrarintegra?codteor=895783,2011-07-05,511029
"
  ",Proposição Sujeita à Apreciação do Plenário,"Aprova o texto do Acordo entre o Governo da República Federativa do Brasil e o Governo da República da Libéria sobre o Exercício de Atividades Remuneradas por Parte de Dependentes do Pessoal Diplomático, Consular, Militar, Administrativo e Técnico, celebrado em Brasília, em 7 de abril de 2010. ",Diversos,PDC,2011,220,Comissão de Relações Exteriores e de Defesa Nacional,Urgência,http://www.camara.gov.br/proposicoesWeb/prop_mostrarintegra?codteor=870544,2011-05-11,501821
"Fixa o valor do salário mínimo em R$ 545,00 e fixa diretrizes para o aumento real do salário até 2015, utilizando a variação do INPC.  Altera a Lei nº 9.430, de 1996.",Proposição Sujeita à Apreciação do Plenário,"Dispõe sobre o valor do salário mínimo em 2011, a sua política de valorização de longo prazo, e disciplina a representação fiscal para fins penais nos casos em que houve parcelamento do crédito tributário.",Tranformada no(a) Lei Ordinária 12382/2011,PL,2011,382,Poder Executivo,Urgência art. 155 RICD,http://www.camara.gov.br/proposicoesWeb/prop_mostrarintegra?codteor=839270,2011-02-10,491872
"
  ",Proposição Sujeita à Apreciação do Plenário,"Aprova o texto do Acordo entre o Governo da República Federativa do Brasil e o Governo da República de Moçambique para a Instalação da Sede do Escritório Regional da FIOCRUZ para a África, celebrado em Brasília, em 4 de setembro de 2008. ",Tranformada no(a) Decreto Legislativo 355/2011,PDC,2011,47,Comissão de Relações Exteriores e de Defesa Nacional,Urgência,http://www.camara.gov.br/proposicoesWeb/prop_mostrarintegra?codteor=857177,2011-04-07,497616
"Altera as leis nº 11.182 de 2005, nº 5.862 de 1972, nº 8.399 de 1992, nº 11.458 de 2007, e nº 9.649 de 1998. 
O PLV 17 de 2011 cria o Regime Diferenciado de Contratações Públicas, com regras específicas para licitações de obras e serviços relacionados às copas das Confederações (2013) e do Mundo (2014) e às Olimpíadas e Paraolimpíadas (2016).",Proposição Sujeita à Apreciação do Plenário,"Altera a Lei nº 10.683, de 28 de maio de 2003, que dispõe sobre a organização da Presidência da República e dos Ministérios, cria a Secretaria de Aviação Civil, altera a legislação da Agência Nacional de Aviação Civil - ANAC e da Empresa Brasileira de Infraestrutura Aeroportuária - INFRAERO, cria cargos de Ministro de Estado e cargos em comissão, dispõe sobre a contratação de controladores de tráfego aéreo temporários, cria cargos de Controlador de Tráfego Aéreo.
",Tranformada no(a) Lei Ordinária 12462/2011,MPV,2011,527,Poder Executivo,Urgência,http://www.camara.gov.br/proposicoesWeb/prop_mostrarintegra?codteor=850573,2011-03-18,495378
"
  ",Proposição Sujeita à Apreciação do Plenário,Altera os valores constantes da tabela do Imposto sobre a Renda da Pessoa Física.,Tranformada no(a) Lei Ordinária 12469/2011,MPV,2011,528,Poder Executivo,Urgência,http://www.camara.gov.br/proposicoesWeb/prop_mostrarintegra?codteor=853069,2011-03-28,496290
"
  ",Proposição Sujeita à Apreciação do Plenário,"Institui, no âmbito do Ministério da Educação, o plano especial de recuperação da rede física escolar pública, com a finalidade de prestar assistência financeira para recuperação das redes físicas das escolas públicas estaduais, do Distrito Federal e municipais afetadas por desastres.",Tranformada no(a) Lei Ordinária 12487/2011,MPV,2011,530,Poder Executivo,Urgência,http://www.camara.gov.br/proposicoesWeb/prop_mostrarintegra?codteor=862234,2011-04-26,499323
"
  ",Proposição Sujeita à Apreciação do Plenário,"Acresce e dá nova redação a dispositivos das Leis nºs 9.478, de 6 de agosto de 1997, e 9.847, de 26 de outubro de 1999, que dispõem sobre a política e a fiscalização das atividades relativas ao abastecimento nacional de combustíveis; altera o § 1º do art. 9º da Lei nº 8.723, de 28 de outubro de 1993, que dispõe sobre a redução de emissão de poluentes por veículos automotores; dá nova redação aos arts. 1º, 2º e 3º do Decreto-Lei nº 509, de 20 de março de 1969, que dispõe sobre a transformação do Departamento dos Correios e Telégrafos em empresa pública; altera a Lei nº 10.683, de 28 de maio de 2003, que dispõe sobre a Organização da Presidência da República e dos Ministérios, e dá outras providências.",Tranformada no(a) Lei Ordinária 12490/2011,MPV,2011,532,Poder Executivo,Urgência,http://www.camara.gov.br/proposicoesWeb/prop_mostrarintegra?codteor=865997,2011-04-29,500056
"
  ",Proposição Sujeita à Apreciação do Plenário,"Autoriza a União a transferir recursos financeiros aos Municípios e ao Distrito Federal, com a finalidade de prestar apoio financeiro à manutenção de novos estabelecimentos públicos de educação infantil, e dá outras providências.
",Tranformada no(a) Lei Ordinária 12499/2011,MPV,2011,533,Poder Executivo,Urgência,http://www.camara.gov.br/proposicoesWeb/prop_mostrarintegra?codteor=869848,2011-05-11,501560
"O PLV apresentado altera também as Leis nºs 6.385, de 1976 e 10.931, de 2004.",Proposição Sujeita à Apreciação do Plenário,"Autoriza o Conselho Monetário Nacional, para fins da política monetária e cambial, a estabelecer condições específicas para negociação de contratos de derivativos, altera o art. 3º do Decreto-Lei nº 1.783, de 18 de abril de 1980, e os arts. 1º e 2º da Lei nº 8.894, de 21 de junho de 1994, e dá outras providências.",MESA - Aguardando Sanção,MPV,2011,539,Poder Executivo,Urgência,http://www.camara.gov.br/proposicoesWeb/prop_mostrarintegra?codteor=902296,2011-07-27,513172
"Altera as leis nºs 11.774, de 2008; 11.196, de 2005 e 10.865, de 2004.",Proposição Sujeita à Apreciação do Plenário,"Institui o Regime Especial de Reintegração de Valores Tributários para as Empresas Exportadoras - REINTEGRA; dispõe sobre a redução do Imposto sobre Produtos Industrializados - IPI à indústria automotiva; altera a incidência as contribuições previdenciárias devidas pelas empresas que menciona, e dá outras providências.",MESA - Aguardando Sanção,MPV,2011,540,Poder Executivo,Urgência,http://www.camara.gov.br/proposicoesWeb/prop_mostrarintegra?codteor=904767,2011-08-03,513512
"
  ",Proposição Sujeita à Apreciação do Plenário,"Dispõe sobre o Fundo de Financiamento à Exportação, altera as Leis nºs 12.096, de 24 de novembro de 2009, 11.529, de 22 de outubro de 2007, 10.683, de 28 de maio de 2003, 5.966, de 11 de dezembro de 1973, e 9.933, de 20 de dezembro de 1999, e dá outras providências.",MESA - Aguardando Sanção,MPV,2011,541,Poder Executivo,Urgência,http://www.camara.gov.br/proposicoesWeb/prop_mostrarintegra?codteor=903620,2011-08-03,513514
Prorroga a vigência da DRU até 31 de dezembro de 2015.,Proposição Sujeita à Apreciação do Plenário,Altera o art. 76 do Ato das Disposições Constitucionais Transitórias.,MESA - Aguardando Retorno ,PEC,2011,61,Poder Executivo,Especial,http://www.camara.gov.br/proposicoesWeb/prop_mostrarintegra?codteor=903588,2011-08-03,513496
Objetiva o fortalecimento da microempresa  e da empresa de pequeno porte atualiza os limites de receita bruta anual para enquadramento das empresas nos benefícios tributários previstos.,Proposição Sujeita à Apreciação do Plenário,"Altera dispositivos da Lei Complementar nº 123, de 14 de dezembro de 2006, e dá outras providências.",Tranformada no(a) Lei Complementar 139/2011,PLP,2011,87,Poder Executivo,Urgência art. 155 RICD,http://www.camara.gov.br/proposicoesWeb/prop_mostrarintegra?codteor=908150,2011-08-15,515433
Garante ao servidor que aposentar-se por invalidez permanente o direito dos proventos integrais com paridade.  Altera a Constituição Federal de 1988.,Proposição Sujeita à Apreciação do Plenário,Acrescenta o § 22 ao artigo 40 da Constituição Federal de 1988.,MESA - Aguardando Retorno ,PEC,2008,270,Andreia Zito,Especial,http://www.camara.gov.br/proposicoesWeb/prop_mostrarintegra?codteor=582378,2008-06-25,401376
Altera a Constituição Federal de 1988.,Proposição Sujeita à Apreciação do Plenário,"Altera os arts. 21, 22 e 48 da Constituição Federal, para transferir da União para o Distrito Federal as atribuições de organizar e manter a Defensoria Pública do Distrito Federal.
",MESA - Aguardando Retorno ,PEC,2009,445,Senado Federal - Gim Argello,Especial,http://www.camara.gov.br/proposicoesWeb/prop_mostrarintegra?codteor=723454,2009-12-08,463268
Regulamenta a carreira de Procurador Municipal.,Proposição Sujeita à Apreciação do Plenário,Altera o art. 132 da Constituição Federal.,MESA - Aguardando Retorno ,PEC,2003,153,Maurício Rands,Especial,http://www.camara.gov.br/proposicoesWeb/prop_mostrarintegra?codteor=160501,2003-09-03,131591
"Regulamenta o § 15 do art. 40 da Constituição Federal de 1988 - Emenda Constitucional nº 41, de 2003 - Reforma da Previdência.
",Proposição Sujeita à Apreciação do Plenário,"Institui o regime de previdência complementar para os servidores públicos federais titulares de cargo efetivo, inclusive os membros dos órgãos que menciona, fixa o limite máximo para a concessão de aposentadorias e pensões pelo regime de previdência de que trata o art. 40 da Constituição, autoriza a criação de entidade fechada de previdência complementar denominada Fundação de Previdência Complementar do Servidor Público Federal - FUNPRESP, e dá outras providências.",Tranformada no(a) Lei Ordinária 12618/2012,PL,2007,1992,Poder Executivo,Urgência art. 64 CF,http://www.camara.gov.br/proposicoesWeb/prop_mostrarintegra?codteor=501938,2007-09-11,366851
"Define os Crimes de Genocídio, os Crimes de Guerra e os Crimes contra a Humanidade.",Proposição Sujeita à Apreciação do Plenário,"Define condutas que constituem crimes de violação do direito internacional humanitário, estabelece normas para a cooperação judiciária com o Tribunal Penal Internacional e dá outras providências.",PLEN - Pronta para Pauta,PL,2007,301,Dr. Rosinha,Urgência art. 155 RICD,http://www.camara.gov.br/proposicoesWeb/prop_mostrarintegra?codteor=439581,2007-03-06,343615
"
  ",Proposição Sujeita à Apreciação do Plenário,"Estabelece normas para as eleições, em 3 de outubro de 2010, de parlamentares do Mercosul.",PLEN - Pronta para Pauta,PL,2009,5279,Carlos Zarattini,Urgência art. 155 RICD,http://www.camara.gov.br/proposicoesWeb/prop_mostrarintegra?codteor=659087,2009-05-26,435878
"Lei Geral da Copa.  Concede aos Símbolos Oficiais da FIFA a qualidade de ""Marca de Alto Renome"" e  ""Marca Notoriamente Conhecida""; define os crimes relacionados às competições: uso indevido de Símbolos Oficiais, Marketing de Emboscada por Associação e Marketing de Emboscada por Intrusão.",Proposição Sujeita à Apreciação do Plenário,"Dispõe sobre as medidas relativas à Copa das Confederações FIFA de 2013 e à Copa do Mundo FIFA de 2014, que serão realizadas no Brasil.",MESA - Aguardando Sanção,PL,2011,2330,Poder Executivo,Urgência art. 155 RICD,http://www.camara.gov.br/proposicoesWeb/prop_mostrarintegra?codteor=921060,2011-09-19,520245
"Produtos como calculadora equipada com sintetizador de voz;  teclado com colmeia; acionador de pressão;  linha braille; digitalizador de imagens equipado com sintetizador de voz; lupa eletrônica do tipo utilizado por pessoas com deficiência visual;  implantes cocleares; próteses oculares, dentre outros.
",Proposição Sujeita à Apreciação do Plenário,"Reduz a zero as alíquotas da Contribuição para o PIS/PASEP, da Contribuição para o Financiamento da Seguridade Social - COFINS, da Contribuição para o PIS/PASEP - Importação e da COFINS - Importação incidentes sobre a importação e a receita de venda no mercado interno dos produtos que menciona.",Tranformada no(a) Lei Ordinária 12649/2012,MPV,2011,549,Poder Executivo,Urgência,http://www.camara.gov.br/proposicoesWeb/prop_mostrarintegra?codteor=940204,2011-11-18,527723
Autoriza as instituições financeiras a utilizarem os depósitos à vista para operações de crédito de pessoas com deficiência para aquisição de bens e serviços de tecnologia assistiva.,Proposição Sujeita à Apreciação do Plenário,"Altera a Lei nº 10.735, de 11 de setembro de 2003, que dispõe sobre o direcionamento de depósitos à vista captados pelas instituições financeiras para operações de crédito destinadas à população de baixa renda e a microempreendedores, e dá outras providências.",Tranformada no(a) Lei Ordinária 12613/2012,MPV,2011,550,Poder Executivo,Urgência,http://www.camara.gov.br/proposicoesWeb/prop_mostrarintegra?codteor=940206,2011-11-18,527728
"Revoga o Decreto-lei nº 1.896, de 1981.",Proposição Sujeita à Apreciação do Plenário,"Altera dispositivos das Leis nº 7.920, de 12 de dezembro de 1989, nº 9.825, de 23 de agosto de 1999, nº 8.399, de 7 de janeiro de 1992, nº 6.009, de 26 de dezembro de 1973, nº 5.862, de 12 de dezembro de 1972, nº 12.462, de 5 de agosto de 2011; e dá outras providências.",Tranformada no(a) Lei Ordinária 12648/2012,MPV,2011,551,Poder Executivo,Urgência,http://www.camara.gov.br/proposicoesWeb/prop_mostrarintegra?codteor=941695,2011-11-23,528165
"Estabelece a pena de perdimento da gleba onde for constada a exploração de trabalho escravo (expropriação de terras), revertendo a área ao assentamento dos colonos que já trabalhavam na respectiva gleba. ",Proposição Sujeita à Apreciação do Plenário,Dá nova redação ao art. 243 da Constituição Federal.,MESA - Aguardando Retorno ,PEC,2001,438,Senado Federal - ADEMIR ANDRADE,Especial,http://www.camara.gov.br/proposicoesWeb/prop_mostrarintegra?codteor=43520,2001-11-01,36162
Altera a Constituição Federal de 1988.,Proposição Sujeita à Apreciação do Plenário,Acrescenta o art. 216-A à Constituição para instituir o Sistema Nacional de Cultura.,MESA - Aguardando Retorno ,PEC,2005,416,Paulo Pimenta,Especial,http://www.camara.gov.br/proposicoesWeb/prop_mostrarintegra?codteor=316130,2005-06-16,290677
"Estabelece a efetivação para os atuais responsáveis e substitutos pelos serviços notariais, investidos na forma da lei.  Altera a Constituição Federal de 1988.  Conhecida como ""PEC dos Cartórios"".",Proposição Sujeita à Apreciação do Plenário,Dá nova redação ao parágrafo 3º do art. 236 da Constituição Federal.,PLEN - Pronta para Pauta,PEC,2005,471,João Campos,Especial,http://www.camara.gov.br/proposicoesWeb/prop_mostrarintegra?codteor=349599,2005-10-20,304008
"Autoriza a concessão de financiamento, por meio do Banco da Terra, ao beneficiário de imóvel rural objeto de partilha decorrente de direito de herança, visando a permitir a continuidade da propriedade para um ou mais membros da família.",Proposição Sujeita à Apreciação do Plenário,"Altera dispositivo da Lei Complementar nº 93, de 4 de fevereiro de 1998, que institui o Fundo de Terras e da Reforma Agrária - Banco da Terra -  e dá outras providências.",MESA - Aguardando Retorno ,PLP,2006,362,Poder Executivo,Urgência art. 155 RICD,http://www.camara.gov.br/proposicoesWeb/prop_mostrarintegra?codteor=398618,2006-05-25,325847
"
  ",Proposição Sujeita à Apreciação do Plenário,"Dispõe sobre a convocação de plebiscito para consultar o eleitorado sobre a instituição da simultaneidade das eleições municipais, distritais, estaduais e federais. ",Diversos,PDC,2011,514,Jovair Arantes,Urgência,http://www.camara.gov.br/proposicoesWeb/prop_mostrarintegra?codteor=941437,2011-11-22,528091
"O PLV apresentado autoriza a União Federal a Conceder subvenção econômica, referente a safra de 2010/2011, para produtores independentes de cana-de-açúcar, que desenvolvam suas atividades na área de atuação da Sudene.",Proposição Sujeita à Apreciação do Plenário,"Altera a Lei nº 11.110, de 25 de abril de 2005, para autorizar a União a conceder subvenção econômica, sob a forma de equalização de parte dos custos a que estão sujeitas as instituições financeiras para contratação e acompanhamento de operações de microcrédito produtivo orientado e autoriza a concessão de subvenção econômica, sob a modalidade de equalização de taxa de juros, nas operações de financiamento para a estocagem de álcool combustível, e altera a Lei nº 10.453, de 13 de maio de 2002.",Tranformada no(a) Lei Ordinária 12666/2012,MPV,2011,554,Poder Executivo,Urgência,http://www.camara.gov.br/proposicoesWeb/prop_mostrarintegra?codteor=956260,2011-12-26,533505
Aumenta a pena para os crimes de contrabando e descaminho.,Proposição Sujeita à Apreciação do Plenário,"Da nova redação ao art. 334 do Código Penal e acrescenta o art. 334-A,  também no Decreto-Lei nº 2.848, de 7 de dezembro de 1940 - Código Penal.",MESA - Aguardando Retorno ,PL,2011,643,Efraim Filho,Urgência art. 155 RICD,http://www.camara.gov.br/proposicoesWeb/prop_mostrarintegra?codteor=846215,2011-03-02,494004
"Estabelece os critérios a serem adotados para expedição da certidão de quitação eleitoral e estipula sanções aos candidatos, no caso de desaprovação de suas contas de campanha.",Proposição Sujeita à Apreciação do Plenário,"Altera a redação da Lei nº 9.504, de 30 de setembro de 1997.

",MESA - Aguardando Retorno ,PL,2012,3839,Roberto Balestra,Urgência art. 155 RICD,http://www.camara.gov.br/proposicoesWeb/prop_mostrarintegra?codteor=990244,2012-05-09,544136
"Altera os arts. 115, 117, 119 e revoga o art. 118 da Lei nº 12.249, de 2010 . O PLV  apresentado inclui, na mesma lei, o art. 69-A,  suspendendo, até 30 de junho de 2013, as execuções fiscais  de débitos oriundos de operações de crédito rural, de responsabilidade de produtores rurais vinculados ao Projeto Agro-Industrial Canavieiro Abraham Lincoln- Pacal, situado no Pará.",Proposição Sujeita à Apreciação do Plenário,"Dispõe sobre alterações nos limites dos Parques Nacionais da Amazônia, dos Campos Amazônicos e Mapinguari, das Florestas Nacionais de Itaituba I, Itaituba II e do Crepori e da Área de Proteção Ambiental do Tapajós, e dá outras providências",Tranformada no(a) Lei Ordinária 12678/2012,MPV,2012,558,Poder Executivo,Urgência,http://www.camara.gov.br/proposicoesWeb/prop_mostrarintegra?codteor=995878,2012-01-06,533535
"Alteração do § 1º, art. 15 da Lei nº 3.890-A, de 25 de abril de 1961.
O PLV apresentado altera também  as Leis nºs 9.718, de 1998; 10.637, de 2002; 10.833, de 2003; 10.887 e 11.033, de 2004; 11.128, de 2005; 12.024 e 12.101, de 2009; 12.429, 12.462 e 12.546, de 2011.",Proposição Sujeita à Apreciação do Plenário,Autoriza a Centrais Elétricas Brasileiras S.A. - ELETROBRAS a adquirir participação na Celg Distribuição S.A. - CELG D e dá outras providências.,Tranformada no(a) Lei Ordinária 12688/2012,MPV,2012,559,Poder Executivo,Urgência,http://www.camara.gov.br/proposicoesWeb/prop_mostrarintegra?codteor=967534,2012-03-05,535959
"
  ",Proposição Sujeita à Apreciação do Plenário,"Dispõe sobre o acesso a informações da Internet, e dá outras providências.",PLEN - Pronta para Pauta,PL,2001,5403,Senado Federal - LUIZ ESTEVÃO,Urgência art. 155 RICD,http://www.camara.gov.br/proposicoesWeb/prop_mostrarintegra?codteor=22976,2001-09-24,34462
"
  ",Proposição Sujeita à Apreciação do Plenário,"Revoga o parágrafo único do art. 7º da Constituição Federal, para estabelecer a igualdade de direitos trabalhistas entre os empregados domésticos e os demais trabalhadores urbanos e rurais.",MESA - Aguardando Retorno ,PEC,2010,478,Carlos Bezerra,Especial,http://www.camara.gov.br/proposicoesWeb/prop_mostrarintegra?codteor=755258,2010-04-14,473496
"
  ",Proposição Sujeita à Apreciação do Plenário,"Dispõe sobre isenção do Imposto Sobre Serviços de Qualquer Natureza, de competência dos Municípios e do Distrito Federal, à Fédération Internationale de Football Association - FIFA e a outras pessoas, para fatos geradores relacionados com a Copa das Confederações FIFA 2013 e com a Copa do Mundo FIFA 2014.",MESA - Aguardando Retorno ,PLP,2010,579,Poder Executivo,Urgência art. 155 RICD,http://www.camara.gov.br/proposicoesWeb/prop_mostrarintegra?codteor=774894,2010-05-28,479328
Atribui à Defensoria Pública dos Estados os direitos e deveres previstos na Lei de Responsabilidade Fiscal.,Proposição Sujeita à Apreciação do Plenário,"Altera dispositivos da Lei Complementar nº 101, de 4 de maio de 2000, que estabelece normas de finanças públicas voltadas para a responsabilidade na gestão fiscal e dá outras providências.",MESA - Aguardando Apreciacao do Veto,PLP,2011,114,Senado Federal - José Pimentel,Urgência art. 155 RICD,http://www.camara.gov.br/proposicoesWeb/prop_mostrarintegra?codteor=946552,2011-12-01,529884
"
  ",Proposição Sujeita à Apreciação do Plenário,"Modifica as Leis nº 9.478, de 6 de agosto de 1997, e nº 12.351, de 22 de dezembro de 2010, para determinar novas regras de distribuição entre os entes da Federação dos royalties e da participação especial devidos em função da exploração de petróleo, gás natural e outros hidrocarbonetos fluidos, e para aprimorar o marco regulatório sobre a exploração desses recursos no regime de partilha.",Tranformada no(a) Lei Ordinária 12734/2012,PL,2011,2565,Senado Federal - Wellington Dias,Urgência art. 155 RICD,http://www.camara.gov.br/proposicoesWeb/prop_mostrarintegra?codteor=932480,2011-10-24,524645
"Altera o Decreto-lei nº 2.848, de 1940.  
Conhecida como Lei Carolina Dieckmann.",Proposição Sujeita à Apreciação do Plenário,"Dispõe sobre a tipificação criminal de delitos informáticos e dá outras providências. 
NOVA EMENTA: Dispõe sobre a tipificação criminal de delitos informáticos; altera o Decreto-Lei nº 2.848, de 7 de dezembro de 1940 - Código Penal; e dá outras providências.",Tranformada no(a) Lei Ordinária 12737/2012,PL,2011,2793,Paulo Teixeira,Urgência art. 155 RICD,http://www.camara.gov.br/proposicoesWeb/prop_mostrarintegra?codteor=944218,2011-11-29,529011
"
  ",Proposição Sujeita à Apreciação do Plenário,"Altera a Lei nº 10.683, de 28 de maio de 2003, que dispõe sobre a organização da Presidência da República e dos Ministérios, cria a Secretaria da Micro e Pequena Empresa, cria cargo de Ministro de Estado e cargos em comissão, e dá outras providências.",MESA - Aguardando Retorno ,PL,2011,865,Poder Executivo,Urgência art. 155 RICD,http://www.camara.gov.br/proposicoesWeb/prop_mostrarintegra?codteor=854734,2011-03-31,496725
"O PLV altera também as Leis nºs 12.249, de 2010; 11.775, de 2008; 10.833, de 2003; 12.375, de 2010; 9.430, de 1996; 10.522, de 2002; 10.893, de 2004; 12. 599, de 2012.",Proposição Sujeita à Apreciação do Plenário,"Estabelece medidas para estimular o pagamento de débitos relativos ao Programa de Formação do Patrimônio do Servidor Público - PASEP, de responsabilidade dos Estados, do Distrito Federal, dos Municípios, e de suas autarquias e fundações; altera o art. 1º da Lei nº 10.925, de 23 de julho de 2004, para prorrogar a vigência da redução a zero das alíquotas da Contribuição para o PIS/PASEP e da Contribuição para o Financiamento da Seguridade Social - COFINS incidentes na importação e sobre a receita decorrente da venda no mercado interno das massas alimentícias que menciona.

NOVA EMENTA: Estabelece medidas para estimular o pagamento de débitos relativos ao Programa de Formação do Patrimônio do Servidor Público - PASEP, de responsabilidade dos Estados, do Distrito Federal, dos Municípios e de suas autarquias e fundações; altera o art. 1º da Lei nº 10.925, de 23 de julho de 2004, para prorrogar a vigência da redução a zero das alíquotas da Contribuição para o PIS/Pasep e da Contribuição para o Financiamento da Seguridade Social - COFINS incidentes na importação e sobre a receita decorrente da venda no mercado interno das massas alimentícias que menciona, e as Leis nºs 12.249, de 11 de junho de 2010, 11.775, de 17 de setembro de 2008, 10.833, de 29 de dezembro de 2003, 12.375, de 30 de dezembro de 2010, 9.430, de 27 de dezembro de 1996, 10.522, de 19 de julho de 2002, 10.893, de 13 de julho de 2004, e 12.599, de 23 de março de 2012; e revoga dispositivo da Lei nº 10.637, de 30 de dezembro de 2002.",Originou o(a) PLV 22/2012 MPV57412 => MPV 574/2012,MPV,2012,574,Poder Executivo,Urgência,http://www.camara.gov.br/proposicoesWeb/prop_mostrarintegra?codteor=1007778,2012-06-29,549909
"Permite que a contraprestação paga pelo setor público às empresas seja desconsiderado para efeito de recolhimento de Contribuição Social sobre o Lucro Líquido (CSLL) e PIS-Pasep e Cofins e autoriza os Estados, Distrito Federal e Municípios a comprometerem até 5% (cinco por cento) de suas receitas líquidas com o pagamento de contraprestações em PPPs. ",Proposição Sujeita à Apreciação do Plenário,"Altera a Lei nº 11.079, de 30 de dezembro de 2004, que institui normas gerais para licitação e contratação de parceria público-privada no âmbito da administração pública.

NOVA EMENTA: Altera as Leis nºs 11.079, de 30 de dezembro de 2004, que institui normas gerais para licitação e contratação de parceria público-privada no âmbito da administração pública, para dispor sobre o aporte de recursos em favor do parceiro privado, 10.637, de 30 de dezembro de 2002, 10.833, de 29 de dezembro de 2003, 12.058, de 13 de outubro de 2009, 9.430, de 27 de dezembro de 1996, 10.420, de 10 de abril de 2002, 10.925, de 23 de julho de 2004, 10.602, de 12 de dezembro de 2002, e 9.718, de 27 de novembro de 1998, e a Medida Provisória nº 2.158-35, de 24 de agosto de 2001, e dá outras providências.",Tranformada no(a) Lei Ordinária 12766/2012,MPV,2012,575,Poder Executivo,Urgência,http://www.camara.gov.br/proposicoesWeb/prop_mostrarintegra?codteor=1017608,2012-08-08,552689
"
  ",Proposição Sujeita à Apreciação do Plenário,"Altera as Leis nº 10.233, de 5 de junho de 2001, e nº 12.404, de 4 de maio de 2011, para modificar a denominação da Empresa de Transporte Ferroviário de Alta Velocidade S.A. - ETAV para Empresa de Planejamento e Logística S.A. - EPL, e ampliar suas competências.",Tranformada no(a) Lei Ordinária 12743/2012,MPV,2012,576,Poder Executivo,Urgência,http://www.camara.gov.br/proposicoesWeb/prop_mostrarintegra?codteor=1019357,2012-08-16,553247
"Altera as leis nºs 10.438 de 2002; 12.111 de 2009;  9.648 de 1998; 9.427 de 1996 e 8.631 de 1993.
",Proposição Sujeita à Apreciação do Plenário,"Dispõe sobre as concessões de geração, transmissão e distribuição de energia elétrica, sobre a redução dos encargos setoriais, sobre a modicidade tarifária, e dá outras providências.",Tranformada no(a) Lei Ordinária 12783/2013,MPV,2012,579,Poder Executivo,Urgência,http://www.camara.gov.br/proposicoesWeb/prop_mostrarintegra?codteor=1025078,2012-09-12,555727
