proposicao_id,ano,keyword,numero,tipo
17338,1999,definição,1876,PL
17338,1999,área de preservação permanente,1876,PL
17338,1999,fixação,1876,PL
17338,1999,limite geografico,1876,PL
17338,1999,transferência,1876,PL
17338,1999,competencia,1876,PL
17338,1999,(conama),1876,PL
17338,1999,plano diretor,1876,PL
17338,1999,zona urbana,1876,PL
17338,1999,area florestal,1876,PL
17338,1999,autorização,1876,PL
17338,1999,(ibama),1876,PL
17338,1999,utilidade publica,1876,PL
17338,1999,interesse social,1876,PL
17338,1999,estudo de impacto ambiental,1876,PL
17338,1999,dispensa,1876,PL
17338,1999,licença,1876,PL
17338,1999,atividade agricola,1876,PL
17338,1999,subsistencia,1876,PL
17338,1999,obrigatoriedade,1876,PL
17338,1999,proprietario,1876,PL
17338,1999,reflorestamento,1876,PL
17338,1999,imovel rural,1876,PL
17338,1999,extração,1876,PL
17338,1999,criterio seletivo,1876,PL
17338,1999,madeira,1876,PL
17338,1999,produto vegetal,1876,PL
17338,1999,proporcionalidade,1876,PL
17338,1999,amazonia,1876,PL
17338,1999,exigencia,1876,PL
17338,1999,averbação,1876,PL
17338,1999,matricula,1876,PL
17338,1999,bens imoveis,1876,PL
17338,1999,proibição,1876,PL
17338,1999,exploração,1876,PL
17338,1999,especie,1876,PL
17338,1999,extinção,1876,PL
17338,1999,pessoa fisica,1876,PL
17338,1999,pessoa juridica,1876,PL
17338,1999,industria extrativa,1876,PL
17338,1999,comercio,1876,PL
17338,1999,produto florestal,1876,PL
17338,1999,registro,1876,PL
17338,1999,cadastro,1876,PL
17338,1999,restrição,1876,PL
17338,1999,queimada,1876,PL
17338,1999,transporte,1876,PL
17338,1999,recursos florestais,1876,PL
17338,1999,alteração,1876,PL
17338,1999,lei dos crimes ambientais,1876,PL
17338,1999,pena de detenção,1876,PL
17338,1999,multa,1876,PL
17338,1999,destruição,1876,PL
17338,1999,danos,1876,PL
17338,1999,corte,1876,PL
17338,1999,vegetação,1876,PL
17338,1999,area de  preservação permanente,1876,PL
17338,1999,reserva florestal,1876,PL
17338,1999,reserva legal,1876,PL
17338,1999,ausencia,1876,PL
17338,1999,reposição,1876,PL
17338,1999,floresta,1876,PL
17338,1999,revogação,1876,PL
17338,1999,código florestal,1876,PL
260404,2004,alteração,3937,PL
260404,2004,lei antitruste,3937,PL
260404,2004,inclusão,3937,PL
260404,2004,infração,3937,PL
260404,2004,ordem econômica,3937,PL
260404,2004,manipulação,3937,PL
260404,2004,ajuste,3937,PL
260404,2004,aumento,3937,PL
260404,2004,preço,3937,PL
260404,2004,bens,3937,PL
260404,2004,serviço,3937,PL
260404,2004,concorrente,3937,PL
260404,2004,divisão,3937,PL
260404,2004,mercado,3937,PL
260404,2004,cartel,3937,PL
260404,2004,limitação,3937,PL
260404,2004,produção,3937,PL
260404,2004,prestação de serviço,3937,PL
260404,2004,restrição,3937,PL
260404,2004,abstenção,3937,PL
260404,2004,participação,3937,PL
260404,2004,licitação,3937,PL
260404,2004,acesso,3937,PL
260404,2004,matéria-prima,3937,PL
260404,2004,insumo,3937,PL
260404,2004,subordinação,3937,PL
260404,2004,compra e venda,3937,PL
260404,2004,aquisição,3937,PL
260404,2004,produto,3937,PL
260404,2004,discriminação,3937,PL
260404,2004,adquirente,3937,PL
260404,2004,fornecedor,3937,PL
260404,2004,abuso de poder,3937,PL
260404,2004,poder econômico,3937,PL
260404,2004,exploração,3937,PL
260404,2004,direitos,3937,PL
260404,2004,propriedade intelectual,3937,PL
260404,2004,patente de registro,3937,PL
260404,2004,marca de comércio,3937,PL
260404,2004,aplicação,3937,PL
260404,2004,normas,3937,PL
260404,2004,obrigatoriedade,3937,PL
260404,2004,licenciamento,3937,PL
260404,2004,patente de invenção,3937,PL
260404,2004,separação,3937,PL
260404,2004,natureza contábil,3937,PL
260404,2004,natureza jurídica,3937,PL
260404,2004,atividade,3937,PL
260404,2004,cisão,3937,PL
260404,2004,sociedade,3937,PL
260404,2004,alienação,3937,PL
260404,2004,controle societário,3937,PL
260404,2004,venda,3937,PL
260404,2004,ativo,3937,PL
260404,2004,instituição empresarial,3937,PL
260404,2004,penalidade,3937,PL
260404,2004,infrator,3937,PL
260404,2004,cobrança,3937,PL
260404,2004,multa,3937,PL
260404,2004,valor,3937,PL
260404,2004,real,3937,PL
260404,2004,fixação,3937,PL
260404,2004,redução,3937,PL
260404,2004,(cade),3937,PL
260404,2004,apreciação,3937,PL
260404,2004,processo administrativo,3937,PL
260404,2004,notificação,3937,PL
260404,2004,concentração,3937,PL
260404,2004,atividade comercial,3937,PL
260404,2004,grupo econômico,3937,PL
260404,2004,participante,3937,PL
260404,2004,registro,3937,PL
260404,2004,operação,3937,PL
260404,2004,limite máximo,3937,PL
260404,2004,faturamento,3937,PL
260404,2004,decurso de prazo,3937,PL
260404,2004,falta,3937,PL
260404,2004,manifestação,3937,PL
260404,2004,realização,3937,PL
260404,2004,fusão,3937,PL
260404,2004,incorporação,3937,PL
260404,2004,consórcio de empresas,3937,PL
260404,2004,deferimento,3937,PL
260404,2004,medida cautelar,3937,PL
260404,2004,preservação,3937,PL
260404,2004,reversão,3937,PL
260404,2004,ato,3937,PL
260404,2004,proibição,3937,PL
260404,2004,eliminação,3937,PL
260404,2004,concorrência,3937,PL
260404,2004,domínio econômico,3937,PL
260404,2004,ressalva,3937,PL
260404,2004,benefício,3937,PL
260404,2004,consumidor,3937,PL
260404,2004,requerente,3937,PL
260404,2004,ônus,3937,PL
260404,2004,prova,3937,PL
260404,2004,inexistência,3937,PL
260404,2004,concorrência desleal,3937,PL
260404,2004,plenário,3937,PL
260404,2004,negociação,3937,PL
260404,2004,cláusula,3937,PL
260404,2004,acordo,3937,PL
260404,2004,empresa,3937,PL
260404,2004,prazo,3937,PL
260404,2004,cumprimento,3937,PL
260404,2004,revogação,3937,PL
260404,2004,dispositivos,3937,PL
260404,2004,legislação,3937,PL
357094,2007,alteração,98,PEC
357094,2007,constituição federal,98,PEC
357094,2007,sistema tributário nacional,98,PEC
357094,2007,concessão,98,PEC
357094,2007,imunidade tributária,98,PEC
357094,2007,renúncia fiscal,98,PEC
357094,2007,fonograma,98,PEC
357094,2007,videofonogramas,98,PEC
357094,2007,disco sonoro,98,PEC
357094,2007,obra musical,98,PEC
357094,2007,obra literária,98,PEC
357094,2007,autoria nacional,98,PEC
357094,2007,interpretação,98,PEC
357094,2007,artista,98,PEC
357094,2007,autor,98,PEC
357094,2007,brasileiros,98,PEC
357094,2007,equipamentos,98,PEC
357094,2007,arquivo,98,PEC
357094,2007,pirataria,98,PEC
357094,2007,evasão de divisas,98,PEC
422002,2008,aprovação,1351,PDC
422002,2008,ato internacional,1351,PDC
422002,2008,tratado internacional,1351,PDC
422002,2008,extradição,1351,PDC
422002,2008,país estrangeiro,1351,PDC
422002,2008,china,1351,PDC
394079,2008,regulamentação,306,PLP
394079,2008,constituição federal,306,PLP
394079,2008,fixação,306,PLP
394079,2008,união federal,306,PLP
394079,2008,estados,306,PLP
394079,2008,(df),306,PLP
394079,2008,municípios,306,PLP
394079,2008,serviços públicos,306,PLP
394079,2008,área,306,PLP
394079,2008,atuação,306,PLP
394079,2008,(sus),306,PLP
394079,2008,percentual,306,PLP
394079,2008,receita corrente bruta,306,PLP
394079,2008,receita tributária,306,PLP
394079,2008,transferência financeira,306,PLP
394079,2008,rateio,306,PLP
394079,2008,recursos públicos,306,PLP
394079,2008,necessidade,306,PLP
394079,2008,população,306,PLP
394079,2008,redução,306,PLP
394079,2008,desigualdade regional,306,PLP
394079,2008,proibição,306,PLP
394079,2008,limitação,306,PLP
394079,2008,empenho da despesa,306,PLP
394079,2008,movimentação financeira,306,PLP
394079,2008,transferência direta,306,PLP
394079,2008,recursos financeiros,306,PLP
394079,2008,fundo nacional de saúde,306,PLP
394079,2008,fundo de saúde,306,PLP
394079,2008,aprovação,306,PLP
394079,2008,conselho nacional de saúde,306,PLP
394079,2008,exigência,306,PLP
394079,2008,órgão público,306,PLP
394079,2008,saúde,306,PLP
394079,2008,hospital público,306,PLP
394079,2008,divulgação,306,PLP
394079,2008,meio eletrônico,306,PLP
394079,2008,transparência administrativa,306,PLP
394079,2008,prestação de contas,306,PLP
394079,2008,registro contábil,306,PLP
394079,2008,tribunal de contas,306,PLP
394079,2008,fiscalização,306,PLP
394079,2008,controle,306,PLP
394079,2008,despesa,306,PLP
394079,2008,aplicação de recursos,306,PLP
394079,2008,gastos públicos,306,PLP
394079,2008,recursos orçamentários,306,PLP
394079,2008,serviço de saúde,306,PLP
394079,2008,penalidade,306,PLP
394079,2008,autoridade,306,PLP
394079,2008,infrator,306,PLP
394079,2008,descumprimento,306,PLP
394079,2008,limite mínimo,306,PLP
394079,2008,código penal,306,PLP
394079,2008,lei dos crimes de responsabilidade,306,PLP
394079,2008,lei da improbidade administrativa,306,PLP
394079,2008,revogação,306,PLP
394079,2008,dispositivos,306,PLP
394079,2008,lei orgânica da saúde,306,PLP
476031,2010,arovação,2600,PDC
476031,2010,ato internacional,2600,PDC
476031,2010,acordo internacional,2600,PDC
476031,2010,troca,2600,PDC
476031,2010,apoio financeiro,2600,PDC
476031,2010,tratado de itaipú,2600,PDC
476031,2010,brasil,2600,PDC
476031,2010,paraguai,2600,PDC
485274,2010,lei pelé,502,MPV
485274,2010,responsabilidade,502,MPV
485274,2010,ministério do esporte,502,MPV
485274,2010,conselho nacional do esporte,502,MPV
485274,2010,plano nacional do desporto,502,MPV
485274,2010,adicional,502,MPV
485274,2010,secretaria de desporto,502,MPV
485274,2010,estados,502,MPV
485274,2010,df,502,MPV
485274,2010,aplicação,502,MPV
485274,2010,jogos escolares,502,MPV
485274,2010,esporte olímpico,502,MPV
485274,2010,esporte paraolímpico,502,MPV
485274,2010,cef,502,MPV
485274,2010,apresentação,502,MPV
485274,2010,balancete,502,MPV
485274,2010,destinação,502,MPV
485274,2010,recursos financeiros,502,MPV
485274,2010,competência,502,MPV
485274,2010,comitê olímpico brasileiro,502,MPV
485274,2010,cpob,502,MPV
485274,2010,sistema nacional do desporto,502,MPV
485274,2010,planejamento,502,MPV
485274,2010,atividade esportiva,502,MPV
485274,2010,entidade desportiva,502,MPV
485274,2010,benefíciária,502,MPV
485274,2010,isenção fiscal,502,MPV
485274,2010,repasse,502,MPV
485274,2010,condição,502,MPV
485274,2010,recebimento,502,MPV
485274,2010,recursos públicos,502,MPV
485274,2010,celebração,502,MPV
485274,2010,assinatura,502,MPV
485274,2010,contrato,502,MPV
485274,2010,desempenho,502,MPV
485274,2010,alteração,502,MPV
485274,2010,lei da bolsa-atleta,502,MPV
485274,2010,concessão,502,MPV
485274,2010,renovação,502,MPV
485274,2010,prioridade,502,MPV
485274,2010,atleta,502,MPV
485274,2010,esporte profissional,502,MPV
485274,2010,modalidade,502,MPV
485274,2010,olimpíadas,502,MPV
485274,2010,paraolimpíadas,502,MPV
485274,2010,garantia,502,MPV
485274,2010,benefício,502,MPV
485274,2010,valor,502,MPV
485274,2010,fixação,502,MPV
485274,2010,revisão,502,MPV
485274,2010,poder executivo,502,MPV
485274,2010,estudo técnico,502,MPV
485274,2010,limite,502,MPV
485274,2010,lei orçamentária anual,502,MPV
485274,2010,criação,502,MPV
485274,2010,categoria,502,MPV
485274,2010,bolsa-atleta,502,MPV
485274,2010,programa atleta pódio,502,MPV
485274,2010,programa cidade esportiva,502,MPV
485274,2010,rede nacional de treinamento,502,MPV
485275,2010,ratificação,503,MPV
485275,2010,protocolo,503,MPV
485275,2010,união federal,503,MPV
485275,2010,rio de janeiro,503,MPV
485275,2010,(rj),503,MPV
485275,2010,criação,503,MPV
485275,2010,consórcio público,503,MPV
485275,2010,autarquia,503,MPV
485275,2010,regime especial,503,MPV
485275,2010,autoridade pública olímpica,503,MPV
485275,2010,planejamento,503,MPV
485275,2010,coordenação,503,MPV
485275,2010,atuação,503,MPV
485275,2010,preparação,503,MPV
485275,2010,realização,503,MPV
485275,2010,jogos olímpicos,503,MPV
485275,2010,jogos paraolímpicos,503,MPV
485758,2010,autorização,511,MPV
485758,2010,união federal,511,MPV
485758,2010,garantia,511,MPV
485758,2010,financiamento,511,MPV
485758,2010,renegociação,511,MPV
485758,2010,abatimento,511,MPV
485758,2010,saldo devedor,511,MPV
485758,2010,operação de crédito,511,MPV
485758,2010,projeto,511,MPV
485758,2010,investimento,511,MPV
485758,2010,infraestrutura,511,MPV
485758,2010,bndes,511,MPV
485758,2010,concessionária,511,MPV
485758,2010,trem de alta velocidade (tav),511,MPV
485758,2010,rio de janeiro,511,MPV
485758,2010,(rj),511,MPV
485758,2010,campinas,511,MPV
485758,2010,(sp),511,MPV
485758,2010,condição,511,MPV
485758,2010,contragarantia,511,MPV
485758,2010,valor,511,MPV
485758,2010,adimplência,511,MPV
485758,2010,ministério da fazenda,511,MPV
485758,2010,definição,511,MPV
485758,2010,metodologia,511,MPV
485758,2010,subvenção econômica,511,MPV
485758,2010,pagamento,511,MPV
485758,2010,modalidade,511,MPV
485758,2010,equalização de taxas de juros,511,MPV
485758,2010,proposta,511,MPV
485758,2010,vencedor,511,MPV
485758,2010,licitação,511,MPV
485758,2010,(antt),511,MPV
485758,2010,encargo,511,MPV
485758,2010,mutuário,511,MPV
485758,2010,(tjlp),511,MPV
487868,2010,alteração,512,MPV
487868,2010,lei federal,512,MPV
487868,2010,incentivo fiscal,512,MPV
487868,2010,indústria automotiva,512,MPV
487868,2010,empresa montadora,512,MPV
487868,2010,fabricante,512,MPV
487868,2010,veículo automotor,512,MPV
487868,2010,veículo de passageiro,512,MPV
487868,2010,veículo de carga,512,MPV
487868,2010,máquina agrícola,512,MPV
487868,2010,transporte de passageiros,512,MPV
487868,2010,localização,512,MPV
487868,2010,região norte,512,MPV
487868,2010,região nordeste,512,MPV
487868,2010,região centro-oeste,512,MPV
487868,2010,benefício,512,MPV
487868,2010,crédito presumido,512,MPV
487868,2010,ipi,512,MPV
487868,2010,investimento,512,MPV
487868,2010,pesquisa,512,MPV
487868,2010,desenvolvimento,512,MPV
487868,2010,produto,512,MPV
487868,2010,inovação tecnológica,512,MPV
487868,2010,engenharia automotiva,512,MPV
487966,2010,autorização,513,MPV
487966,2010,(fcvs),513,MPV
487966,2010,garantia,513,MPV
487966,2010,direitos,513,MPV
487966,2010,obrigações,513,MPV
487966,2010,seguro habitacional,513,MPV
487966,2010,(sfh),513,MPV
487966,2010,cobertura,513,MPV
487966,2010,contrato,513,MPV
487966,2010,financiamento habitacional,513,MPV
487966,2010,saldo devedor,513,MPV
487966,2010,despesas,513,MPV
487966,2010,danos físicos,513,MPV
487966,2010,imóvel,513,MPV
487966,2010,responsabilidade civil,513,MPV
487966,2010,construtor,513,MPV
487966,2010,remuneração,513,MPV
487966,2010,(cef),513,MPV
487966,2010,parcelamento,513,MPV
487966,2010,dívida vencida,513,MPV
487966,2010,agente financeiro,513,MPV
487966,2010,concessão,513,MPV
487966,2010,subvenção econômica,513,MPV
487966,2010,(bndes),513,MPV
487966,2010,equalização de taxas de juros,513,MPV
487966,2010,operação financeira,513,MPV
487966,2010,contratação,513,MPV
487966,2010,investimento,513,MPV
487966,2010,empresa,513,MPV
487966,2010,microempresa,513,MPV
487966,2010,município,513,MPV
487966,2010,decreto,513,MPV
487966,2010,calamidade pública,513,MPV
487966,2010,normas,513,MPV
487966,2010,conselho monetário nacional,513,MPV
487966,2010,lei do fundo soberano do brasil,513,MPV
487966,2010,lei federal,513,MPV
487966,2010,permuta,513,MPV
487966,2010,fundo fiscal de investimento e estabilização,513,MPV
487966,2010,título da dívida pública,513,MPV
487966,2010,renda variável,513,MPV
487966,2010,prorrogação,513,MPV
487966,2010,prazo,513,MPV
487966,2010,(dnit),513,MPV
487966,2010,aplicação de recursos,513,MPV
487966,2010,conservação,513,MPV
487966,2010,recuperação,513,MPV
487966,2010,construção,513,MPV
487966,2010,sinalização,513,MPV
487966,2010,rodovia,513,MPV
487966,2010,alteração,513,MPV
487966,2010,lei do pnv,513,MPV
487966,2010,relação descritiva dos portos  marítimos,513,MPV
487966,2010,fluviais e lacustres,513,MPV
487966,2010,inclusão,513,MPV
487966,2010,porto do pólo industrial de manaus,513,MPV
487966,2010,rio negro,513,MPV
487966,2010,(am),513,MPV
487966,2010,doação,513,MPV
487966,2010,cédula,513,MPV
487966,2010,moeda estrangeira,513,MPV
487966,2010,haiti,513,MPV
488607,2010,alteração,514,MPV
488607,2010,lei federal,514,MPV
488607,2010,programa minha casa,514,MPV
488607,2010,minha vida,514,MPV
488607,2010,lei do arrendamento residencial,514,MPV
488607,2010,lei dos registros públicos,514,MPV
488607,2010,lei do parcelamento urbano,514,MPV
488607,2010,lei do condomínio,514,MPV
488607,2010,implementação,514,MPV
488607,2010,subvenção econômica,514,MPV
488607,2010,contratação,514,MPV
488607,2010,financiamento habitacional,514,MPV
488607,2010,oferta pública,514,MPV
488607,2010,fundo garantidor da habitação popular,514,MPV
488607,2010,(bndes),514,MPV
488607,2010,autorização,514,MPV
488607,2010,utilização,514,MPV
488607,2010,recursos financeiros,514,MPV
488607,2010,programa nacional de habitação urbana,514,MPV
488607,2010,programa nacional de habitação rural,514,MPV
488607,2010,fundo de arrendamento residencial,514,MPV
488607,2010,fundo de desenvolvimento social,514,MPV
488607,2010,(fgts),514,MPV
488607,2010,município,514,MPV
488607,2010,critérios,514,MPV
488607,2010,indicação,514,MPV
488607,2010,beneficiário,514,MPV
488607,2010,gestão,514,MPV
488607,2010,(cef),514,MPV
488607,2010,estados,514,MPV
488607,2010,(df),514,MPV
488607,2010,municípios,514,MPV
488607,2010,execução,514,MPV
488607,2010,regularização fundiária,514,MPV
488607,2010,demarcação,514,MPV
488607,2010,parcelamento,514,MPV
488607,2010,solo urbano,514,MPV
488607,2010,cartório,514,MPV
488607,2010,registro de imóvel,514,MPV
488607,2010,notificação,514,MPV
488607,2010,edital,514,MPV
488607,2010,interessado,514,MPV
488607,2010,agente financeiro,514,MPV
488607,2010,apólice de seguro,514,MPV
488607,2010,posse,514,MPV
488607,2010,incorporação,514,MPV
488607,2010,desapropriação,514,MPV
490375,2010,alíquota zero,517,MPV
490375,2010,rendimentos,517,MPV
490375,2010,título mobiliário,517,MPV
490375,2010,valor mobiliário,517,MPV
490375,2010,crédito,517,MPV
490375,2010,remessa,517,MPV
490375,2010,beneficiário,517,MPV
490375,2010,residente,517,MPV
490375,2010,domicílio,517,MPV
490375,2010,exterior,517,MPV
490375,2010,incidência,517,MPV
490375,2010,imposto,517,MPV
490375,2010,fundo de investimento,517,MPV
490375,2010,lei federal,517,MPV
490375,2010,critérios,517,MPV
490375,2010,fundo de investimento em participações em infra-estrutura,517,MPV
490375,2010,lei das sociedades anônimas,517,MPV
490375,2010,normas,517,MPV
490375,2010,amortização,517,MPV
490375,2010,emissão,517,MPV
490375,2010,debênture,517,MPV
490375,2010,companhia aberta,517,MPV
490375,2010,tributação,517,MPV
490375,2010,lucro real,517,MPV
490375,2010,imposto de renda,517,MPV
490375,2010,(csll),517,MPV
490375,2010,bens,517,MPV
490375,2010,recebimento,517,MPV
490375,2010,quitação débito,517,MPV
490375,2010,operação de crédito,517,MPV
490375,2010,renegociação,517,MPV
490375,2010,dívida,517,MPV
490375,2010,compensação,517,MPV
490375,2010,ressarcimento,517,MPV
490375,2010,saldo,517,MPV
490375,2010,crédito presumido,517,MPV
490375,2010,criação,517,MPV
490375,2010,regime especial de incentivos para o desenvolvimento de usinas nucleares,517,MPV
490375,2010,implantação,517,MPV
490375,2010,infraestrutura,517,MPV
490375,2010,geração,517,MPV
490375,2010,utilização,517,MPV
490375,2010,energia nuclear,517,MPV
490375,2010,suspensão,517,MPV
490375,2010,(ipi),517,MPV
490375,2010,imposto de importação,517,MPV
490375,2010,alteração,517,MPV
490375,2010,lei de informática,517,MPV
490375,2010,percentual,517,MPV
490375,2010,redução,517,MPV
490375,2010,imposto devido,517,MPV
490375,2010,produto nacional,517,MPV
490375,2010,informática,517,MPV
490375,2010,automação,517,MPV
490375,2010,prazo,517,MPV
490375,2010,cota,517,MPV
490375,2010,reserva global de reversão,517,MPV
490375,2010,prorrogação,517,MPV
490375,2010,data,517,MPV
490375,2010,início,517,MPV
490375,2010,funcionamento,517,MPV
490375,2010,instalações,517,MPV
490375,2010,energia elétrica,517,MPV
490375,2010,produtor,517,MPV
490375,2010,(proinfa),517,MPV
490375,2010,isenção,517,MPV
490375,2010,(afrmm),517,MPV
490375,2010,investimento,517,MPV
490375,2010,região nordeste,517,MPV
490375,2010,amazônia,517,MPV
490375,2010,extinção,517,MPV
490375,2010,fundo nacional de desenvolvimento,517,MPV
490375,2010,lei do financiamento estudantil,517,MPV
490375,2010,fixação,517,MPV
490375,2010,juros capitalizados,517,MPV
490375,2010,financiamento,517,MPV
490375,2010,(fies),517,MPV
490387,2010,alteração,521,MPV
490387,2010,lei federal,521,MPV
490387,2010,aumento,521,MPV
490387,2010,valor,521,MPV
490387,2010,bolsa,521,MPV
490387,2010,médico residente,521,MPV
490387,2010,filiação,521,MPV
490387,2010,contribuinte individual,521,MPV
490387,2010,regime geral de previdência social,521,MPV
490387,2010,garantia,521,MPV
490387,2010,licença paternidade,521,MPV
490387,2010,licença maternidade,521,MPV
490387,2010,responsabilidade,521,MPV
490387,2010,estabelecimento de saúde,521,MPV
490387,2010,fornecimento,521,MPV
490387,2010,alimentação,521,MPV
490387,2010,local,521,MPV
490387,2010,repouso,521,MPV
490387,2010,higiene,521,MPV
490387,2010,período,521,MPV
490387,2010,plantão médico,521,MPV
490387,2010,prorrogação,521,MPV
490387,2010,prazo,521,MPV
490387,2010,gratificação de representação de gabinete,521,MPV
490387,2010,gratificação temporária,521,MPV
490387,2010,servidor,521,MPV
490387,2010,empregado,521,MPV
490387,2010,(agu),521,MPV
495215,2011,representação,1,REP
495215,2011,psol,1,REP
495215,2011,instauração,1,REP
495215,2011,processo disciplinar,1,REP
495215,2011,cassação,1,REP
495215,2011,mandato eletivo,1,REP
495215,2011,deputado federal,1,REP
495215,2011,(df),1,REP
495215,2011,quebra,1,REP
495215,2011,código de Ética e decoro parlamentar,1,REP
495215,2011,câmara dos deputados,1,REP
500079,2011,programa nacional de acesso ao ensino técnico e emprego (pronatec),1209,PL
500079,2011,ampliação,1209,PL
500079,2011,educação profissional,1209,PL
500079,2011,educação tecnológica,1209,PL
500079,2011,ensino médio,1209,PL
500079,2011,rede pública,1209,PL
500079,2011,beneficiário,1209,PL
500079,2011,programa,1209,PL
500079,2011,transferência,1209,PL
500079,2011,renda,1209,PL
500079,2011,bolsa formação estudante,1209,PL
500079,2011,bolsa formação trabalhador,1209,PL
500079,2011,lei do financiamento estudantil,1209,PL
500079,2011,fundo de financiamento estudantil (fies),1209,PL
500079,2011,concessão,1209,PL
500079,2011,financiamento,1209,PL
500079,2011,bolsa de estudo,1209,PL
500079,2011,estudante,1209,PL
500079,2011,curso superior,1209,PL
500079,2011,lei do seguro-desemprego,1209,PL
500079,2011,trabalhador,1209,PL
500079,2011,recebimento,1209,PL
500079,2011,comprovação,1209,PL
500079,2011,participação,1209,PL
500079,2011,curso de aperfeiçoamento,1209,PL
500079,2011,qualificação profissional,1209,PL
500079,2011,fundo de amparo ao trabalhador (fat),1209,PL
500079,2011,vinculação,1209,PL
500079,2011,ministério do trabalho e emprego (mte),1209,PL
500079,2011,destinação,1209,PL
500079,2011,custeio,1209,PL
500079,2011,programa de seguro-desemprego,1209,PL
500079,2011,abono salarial,1209,PL
500079,2011,alteração,1209,PL
500079,2011,lei orgânica da seguridade social,1209,PL
500079,2011,salário-de-contribuição,1209,PL
500079,2011,educação básica,1209,PL
500079,2011,criação,1209,PL
500079,2011,conselho deliberativo de formação e qualificação profissional,1209,PL
511029,2011,criação,1749,PL
511029,2011,empresa brasileira de serviços hospitalares s,1749,PL
511029,2011,a (ebserh),1749,PL
511029,2011,prestação de serviço,1749,PL
511029,2011,serviço gratuito,1749,PL
511029,2011,assistência médico-hospitalar,1749,PL
511029,2011,atendimento ambulatorial,1749,PL
511029,2011,diagnóstico,1749,PL
511029,2011,terapia,1749,PL
511029,2011,população,1749,PL
511029,2011,apoio,1749,PL
511029,2011,instituição federal de ensino,1749,PL
511029,2011,pesquisa,1749,PL
511029,2011,extensão,1749,PL
511029,2011,hospital universitário,1749,PL
511029,2011,aprendizagem,1749,PL
511029,2011,formação profissional,1749,PL
511029,2011,saúde pública,1749,PL
511029,2011,sistema Único de saúde (sus),1749,PL
511029,2011,assistência à saúde,1749,PL
501821,2011,aprovação,220,PDC
501821,2011,ato internacional,220,PDC
501821,2011,acordo sobre o exercício de atividades remuneradas por parte de dependentes do pessoal diplomático,220,PDC
501821,2011,consular,220,PDC
501821,2011,militar,220,PDC
501821,2011,administrativo e técnico,220,PDC
501821,2011,brasil,220,PDC
501821,2011,libéria,220,PDC
491872,2011,reajuste,382,PL
491872,2011,salário mínimo,382,PL
491872,2011,aplicação,382,PL
491872,2011,inpc,382,PL
491872,2011,aumento,382,PL
491872,2011,valor,382,PL
491872,2011,alteração,382,PL
491872,2011,lei do ajuste tributário,382,PL
491872,2011,remessa,382,PL
491872,2011,ministério público,382,PL
491872,2011,representação fiscal,382,PL
491872,2011,suspensão,382,PL
491872,2011,pretensão punitiva,382,PL
491872,2011,crime contra a ordem tributária,382,PL
491872,2011,inclusão,382,PL
491872,2011,pessoa física,382,PL
491872,2011,pessoa jurídica,382,PL
491872,2011,parcelamento,382,PL
491872,2011,crédito tributário,382,PL
491872,2011,anterioridade,382,PL
491872,2011,denúnica,382,PL
491872,2011,extinção da punibilidade,382,PL
491872,2011,existência,382,PL
491872,2011,pagamento,382,PL
491872,2011,tributos,382,PL
497616,2011,aprovação,47,PDC
497616,2011,ato internacional,47,PDC
497616,2011,acordo para instalação da sede do escritório regional da fiocruz para a África,47,PDC
497616,2011,brasil,47,PDC
497616,2011,moçambique,47,PDC
495378,2011,alteração,527,MPV
495378,2011,lei da nova organização da presidência da república e ministérios,527,MPV
495378,2011,aviação civil,527,MPV
495378,2011,criação,527,MPV
495378,2011,secretaria de aviação civil,527,MPV
495378,2011,lei da anac,527,MPV
495378,2011,infraero,527,MPV
495378,2011,cne,527,MPV
495378,2011,cargo em comissão,527,MPV
495378,2011,cargo efetivo,527,MPV
495378,2011,contratação temporária,527,MPV
495378,2011,fundo nacional de aviação civil,527,MPV
496290,2011,alteração,528,MPV
496290,2011,legislação tributária federal,528,MPV
496290,2011,correção anual,528,MPV
496290,2011,reajuste,528,MPV
496290,2011,tabela progressiva mensal,528,MPV
496290,2011,base de cálculo,528,MPV
496290,2011,imposto de renda,528,MPV
496290,2011,pessoa física,528,MPV
499323,2011,criação,530,MPV
499323,2011,plano,530,MPV
499323,2011,recuperação,530,MPV
499323,2011,rede escolar,530,MPV
499323,2011,escola pública,530,MPV
499323,2011,estados,530,MPV
499323,2011,municípios,530,MPV
499323,2011,distrito federal,530,MPV
499323,2011,assistência financeira,530,MPV
499323,2011,desastre,530,MPV
499323,2011,situação de emergência,530,MPV
499323,2011,estado de calamidade pública,530,MPV
499323,2011,fundo nacional de desenvolvimento da educação (fnde),530,MPV
500056,2011,lei do petróleo,532,MPV
500056,2011,lei do abastecimento nacional de combustíveis,532,MPV
500056,2011,política nacional,532,MPV
500056,2011,fiscalização,532,MPV
500056,2011,uniformização,532,MPV
500056,2011,tratamento,532,MPV
500056,2011,biocombustível,532,MPV
500056,2011,atribuição,532,MPV
500056,2011,conselho nacional de política energética (cnpe),532,MPV
500056,2011,diretrizes,532,MPV
500056,2011,importação,532,MPV
500056,2011,exportação,532,MPV
500056,2011,competência,532,MPV
500056,2011,agência nacional do petróleo,532,MPV
500056,2011,gás natural e biocombustíves (anp),532,MPV
500056,2011,regulamentação,532,MPV
500056,2011,indústria de biocombustíveis,532,MPV
500056,2011,transporte,532,MPV
500056,2011,avaliação,532,MPV
500056,2011,certificação,532,MPV
500056,2011,qualidade,532,MPV
500056,2011,lei federal,532,MPV
500056,2011,redução,532,MPV
500056,2011,percentual mínimo,532,MPV
500056,2011,álcool etílico anidro combustível,532,MPV
500056,2011,adição,532,MPV
500056,2011,gasolina,532,MPV
500056,2011,alteração,532,MPV
500056,2011,decreto-lei,532,MPV
500056,2011,empresa brasileira de correios e telegráfos (ect),532,MPV
500056,2011,sede,532,MPV
500056,2011,foro,532,MPV
500056,2011,brasília (df),532,MPV
500056,2011,atuação,532,MPV
500056,2011,exterior,532,MPV
500056,2011,autorização,532,MPV
500056,2011,composição,532,MPV
500056,2011,empresa subsidiária,532,MPV
500056,2011,aquisição,532,MPV
500056,2011,controle acionário,532,MPV
500056,2011,participação acionária,532,MPV
500056,2011,sociedade empresária,532,MPV
500056,2011,exploração,532,MPV
500056,2011,serviço,532,MPV
500056,2011,logística,532,MPV
500056,2011,serviços postais,532,MPV
500056,2011,parceria comercial,532,MPV
500056,2011,estrutura organizacional,532,MPV
500056,2011,assembléia geral,532,MPV
500056,2011,conselho de administração,532,MPV
500056,2011,diretoria executiva,532,MPV
500056,2011,conselho fiscal,532,MPV
500056,2011,- alteração,532,MPV
500056,2011,lei da nova organização da presidência da república e ministérios,532,MPV
500056,2011,ministério do planejamento,532,MPV
500056,2011,orçamento e gestão,532,MPV
500056,2011,criação,532,MPV
500056,2011,assessoria extraordinária para a gestão e o acompanhamento do programa de aceleração do crescimento,532,MPV
501560,2011,transferência,533,MPV
501560,2011,recursos financeiros,533,MPV
501560,2011,municípios,533,MPV
501560,2011,distrito federal,533,MPV
501560,2011,apoio financeiro,533,MPV
501560,2011,manutenção,533,MPV
501560,2011,escola pública,533,MPV
501560,2011,educação infantil,533,MPV
513172,2011,normas,539,MPV
513172,2011,conselho monetário nacional (cmn),539,MPV
513172,2011,política monetária,539,MPV
513172,2011,política cambial,539,MPV
513172,2011,negociação,539,MPV
513172,2011,fixação,539,MPV
513172,2011,prazo,539,MPV
513172,2011,contrato,539,MPV
513172,2011,derivados,539,MPV
513172,2011,investidor,539,MPV
513172,2011,depósito,539,MPV
513172,2011,valor,539,MPV
513172,2011,total,539,MPV
513172,2011,ativo,539,MPV
513172,2011,alíquota máxima,539,MPV
513172,2011,iof,539,MPV
513172,2011,exigência,539,MPV
513172,2011,registro,539,MPV
513172,2011,câmara de compensação,539,MPV
513172,2011,validação,539,MPV
513172,2011,contratação,539,MPV
513512,2011,regime especial de reinteração de valores tributários para as empresas exportadoras,540,MPV
513512,2011,autorização,540,MPV
513512,2011,empresa de exportação,540,MPV
513512,2011,valor,540,MPV
513512,2011,ressarcimento,540,MPV
513512,2011,resíduo,540,MPV
513512,2011,tributos,540,MPV
513512,2011,produção,540,MPV
513512,2011,legislação tributária federal,540,MPV
513512,2011,eliminação,540,MPV
513512,2011,prazo,540,MPV
513512,2011,apropriação,540,MPV
513512,2011,crédito,540,MPV
513512,2011,pis/pasep,540,MPV
513512,2011,cofins,540,MPV
513512,2011,aquisição,540,MPV
513512,2011,máquina,540,MPV
513512,2011,equipamento,540,MPV
513512,2011,redução,540,MPV
513512,2011,indústria automotiva,540,MPV
513512,2011,desoneração,540,MPV
513512,2011,folha de pagamento,540,MPV
513512,2011,empresa,540,MPV
513512,2011,prestação de serviço,540,MPV
513512,2011,tecnologia da informação,540,MPV
513512,2011,indústria moveleira,540,MPV
513512,2011,indústria de confecção,540,MPV
513512,2011,indústria de artefatos de couro,540,MPV
513512,2011,isenção,540,MPV
513512,2011,imposto de renda,540,MPV
513512,2011,pessoa jurídica,540,MPV
513512,2011,investimento,540,MPV
513512,2011,fabricação,540,MPV
513512,2011,bens,540,MPV
513512,2011,informática,540,MPV
513512,2011,tecnologia digital,540,MPV
513512,2011,redefinição,540,MPV
513512,2011,restrição,540,MPV
513512,2011,tamanho,540,MPV
513512,2011,tablet pc,540,MPV
513512,2011,apuração,540,MPV
513512,2011,base de cálculo,540,MPV
513512,2011,csll,540,MPV
513512,2011,gastos,540,MPV
513512,2011,pesquisa científica e tecnológica,540,MPV
513512,2011,instituição privada,540,MPV
513512,2011,alteração,540,MPV
513512,2011,regime de tributação,540,MPV
513512,2011,ipi,540,MPV
513512,2011,cigarro,540,MPV
513512,2011,importação,540,MPV
513512,2011,fabricação nacional,540,MPV
513512,2011,fixação,540,MPV
513512,2011,criação,540,MPV
513512,2011,adicional,540,MPV
513512,2011,alíquota,540,MPV
513512,2011,cofins-importação,540,MPV
513512,2011,vestuário,540,MPV
513512,2011,produto de higiene,540,MPV
513512,2011,calçado,540,MPV
513512,2011,artefato de couro,540,MPV
513512,2011,mobiliário,540,MPV
513514,2011,participação,541,MPV
513514,2011,união federal,541,MPV
513514,2011,fundo de financiamento à exportação (ffex),541,MPV
513514,2011,natureza privada,541,MPV
513514,2011,criação,541,MPV
513514,2011,administração,541,MPV
513514,2011,representação judicial,541,MPV
513514,2011,instituição financeira oficial,541,MPV
513514,2011,promoção,541,MPV
513514,2011,financiamento,541,MPV
513514,2011,exportação,541,MPV
513514,2011,empresa,541,MPV
513514,2011,bens e serviços,541,MPV
513514,2011,origem,541,MPV
513514,2011,brasil,541,MPV
513514,2011,aceitação,541,MPV
513514,2011,pacto,541,MPV
513514,2011,mercado internacional,541,MPV
513514,2011,prazo,541,MPV
513514,2011,subvenção econômica,541,MPV
513514,2011,equalização de taxas de juros,541,MPV
513514,2011,operação financeira,541,MPV
513514,2011,distribuição,541,MPV
513514,2011,bndes,541,MPV
513514,2011,financiadora de estudos e projetos (finep),541,MPV
513514,2011,desconto,541,MPV
513514,2011,créditos,541,MPV
513514,2011,contribuição,541,MPV
513514,2011,pis/pasep,541,MPV
513514,2011,cofins,541,MPV
513514,2011,ipi,541,MPV
513514,2011,autopeças,541,MPV
513514,2011,alteração,541,MPV
513514,2011,lei da nova organização da presidência da república e dos ministérios,541,MPV
513514,2011,lei federal,541,MPV
513514,2011,denominação,541,MPV
513514,2011,ministério da ciencia,541,MPV
513514,2011,tecnologia e inovação,541,MPV
513514,2011,instituto nacional de metrologia,541,MPV
513514,2011,qualidade e tecnologia (inmetro),541,MPV
513496,2011,alteração,61,PEC
513496,2011,constituição federal (1988),61,PEC
513496,2011,disposições constitucionais transitórias,61,PEC
513496,2011,desvinculação de receitas da união (dru),61,PEC
513496,2011,manutenção,61,PEC
513496,2011,desenvolvimento,61,PEC
513496,2011,ensino,61,PEC
513496,2011,educação,61,PEC
515433,2011,alteração,87,PLP
515433,2011,estatuto da micro e pequena empresa,87,PLP
515433,2011,aumento,87,PLP
515433,2011,receita bruta anual,87,PLP
515433,2011,micromepresa,87,PLP
515433,2011,autorização,87,PLP
515433,2011,exportação,87,PLP
515433,2011,mercadoria,87,PLP
515433,2011,simplificação,87,PLP
515433,2011,processo,87,PLP
515433,2011,abertura,87,PLP
515433,2011,registro,87,PLP
515433,2011,microempreendedor individual,87,PLP
515433,2011,redução,87,PLP
515433,2011,inatividade,87,PLP
515433,2011,solicitação,87,PLP
515433,2011,baixa,87,PLP
515433,2011,criação,87,PLP
515433,2011,sistema,87,PLP
515433,2011,notificação,87,PLP
515433,2011,comunicação eletrônica,87,PLP
515433,2011,empresa de prestação de serviços,87,PLP
515433,2011,competência,87,PLP
515433,2011,comitê gestor do simples nacional,87,PLP
515433,2011,fixação,87,PLP
515433,2011,prazo,87,PLP
515433,2011,cumprimento,87,PLP
515433,2011,obrigações,87,PLP
515433,2011,contratação,87,PLP
515433,2011,empregado,87,PLP
515433,2011,contribuição previdenciária,87,PLP
515433,2011,fgts,87,PLP
515433,2011,compensação,87,PLP
515433,2011,restituição,87,PLP
515433,2011,pacelamento,87,PLP
515433,2011,tributos,87,PLP
515433,2011,débito tributário,87,PLP
515433,2011,exigência,87,PLP
515433,2011,certificado digital,87,PLP
515433,2011,obrigatoriedade,87,PLP
515433,2011,emissão,87,PLP
515433,2011,documento fiscal,87,PLP
515433,2011,impedimento,87,PLP
515433,2011,recolhimento,87,PLP
515433,2011,icms,87,PLP
515433,2011,iss,87,PLP
515433,2011,unificação,87,PLP
515433,2011,presunção,87,PLP
515433,2011,omissão,87,PLP
515433,2011,receita,87,PLP
515433,2011,uniformização,87,PLP
515433,2011,critérios,87,PLP
515433,2011,contencioso administrativo,87,PLP
515433,2011,exclusão,87,PLP
515433,2011,simples nacional,87,PLP
515433,2011,manutenção,87,PLP
515433,2011,opção,87,PLP
515433,2011,microempresa,87,PLP
515433,2011,empresa de pequeno porte,87,PLP
515433,2011,valor,87,PLP
515433,2011,excedente,87,PLP
515433,2011,limite,87,PLP
515433,2011,enquadramento,87,PLP
401376,2008,alteração,270,PEC
401376,2008,constituição federal,270,PEC
401376,2008,administração pública,270,PEC
401376,2008,previdência social,270,PEC
401376,2008,concessão,270,PEC
401376,2008,aposentadoria por invalidez permanente,270,PEC
401376,2008,acidente do trabalho,270,PEC
401376,2008,doença profissional,270,PEC
401376,2008,doença grave,270,PEC
401376,2008,doença transmissível,270,PEC
401376,2008,doença incurável,270,PEC
401376,2008,garantia,270,PEC
401376,2008,proventos integrais,270,PEC
401376,2008,revisão,270,PEC
401376,2008,paridade,270,PEC
401376,2008,aumento,270,PEC
401376,2008,proventos,270,PEC
401376,2008,remuneração,270,PEC
401376,2008,servidor público,270,PEC
401376,2008,serviço ativo,270,PEC
463268,2009,alteração,445,PEC
463268,2009,constituição federal,445,PEC
463268,2009,retirada,445,PEC
463268,2009,competência,445,PEC
463268,2009,união federal,445,PEC
463268,2009,organização,445,PEC
463268,2009,manutenção,445,PEC
463268,2009,defensoria pública do distrito federal,445,PEC
463268,2009,aplicação,445,PEC
463268,2009,normas,445,PEC
463268,2009,princípios,445,PEC
463268,2009,defensoria pública,445,PEC
463268,2009,estados,445,PEC
463268,2009,prazo determinado,445,PEC
463268,2009,congresso nacional,445,PEC
463268,2009,câmara legislativa,445,PEC
463268,2009,instalação,445,PEC
463268,2009,comissão especial,445,PEC
463268,2009,elaboração,445,PEC
463268,2009,projeto de lei,445,PEC
463268,2009,adequação,445,PEC
463268,2009,legislação infraconstitucional,445,PEC
131591,2003,alteração,153,PEC
131591,2003,constituição federal (1988),153,PEC
131591,2003,carreira,153,PEC
131591,2003,procurador municipal,153,PEC
131591,2003,exigência,153,PEC
131591,2003,concurso público,153,PEC
131591,2003,participação,153,PEC
131591,2003,(oab),153,PEC
131591,2003,garantia,153,PEC
131591,2003,estabilidade,153,PEC
366851,2007,regulamentação,1992,PL
366851,2007,constituição federal,1992,PL
366851,2007,reforma previdenciária,1992,PL
366851,2007,criação,1992,PL
366851,2007,entidade fechada,1992,PL
366851,2007,fundação de previdência complementar do servidor público federal,1992,PL
366851,2007,contrapartida,1992,PL
366851,2007,patrocinador,1992,PL
366851,2007,união federal,1992,PL
366851,2007,autarquia,1992,PL
366851,2007,fundação,1992,PL
366851,2007,beneficiário,1992,PL
366851,2007,servidor público federal,1992,PL
366851,2007,cargo efetivo,1992,PL
366851,2007,inclusão,1992,PL
366851,2007,judiciário,1992,PL
366851,2007,ministério público,1992,PL
366851,2007,(tcu),1992,PL
366851,2007,participação,1992,PL
366851,2007,alíquota,1992,PL
366851,2007,contribuição previdenciária,1992,PL
366851,2007,percentual,1992,PL
366851,2007,remuneração,1992,PL
366851,2007,data,1992,PL
366851,2007,ingresso,1992,PL
366851,2007,opção,1992,PL
366851,2007,prazo determinado,1992,PL
366851,2007,previdência complementar,1992,PL
366851,2007,fundo de pensão,1992,PL
366851,2007,equiparação,1992,PL
366851,2007,limite máximo,1992,PL
366851,2007,pagamento,1992,PL
366851,2007,benefício previdenciário,1992,PL
366851,2007,aposentadoria,1992,PL
366851,2007,pensão previdenciária,1992,PL
366851,2007,regime geral de previdência social,1992,PL
366851,2007,garantia,1992,PL
366851,2007,servidor,1992,PL
366851,2007,optante,1992,PL
366851,2007,anterioridade,1992,PL
366851,2007,implantação,1992,PL
366851,2007,cálculo,1992,PL
366851,2007,diferença,1992,PL
366851,2007,média artimética,1992,PL
366851,2007,fator de conversão,1992,PL
366851,2007,atualização,1992,PL
366851,2007,(ipca),1992,PL
366851,2007,tributação regressiva,1992,PL
366851,2007,imposto de renda,1992,PL
366851,2007,adesão,1992,PL
366851,2007,estados,1992,PL
366851,2007,(df),1992,PL
366851,2007,municípios,1992,PL
366851,2007,critérios,1992,PL
366851,2007,organização administrativa,1992,PL
366851,2007,membros,1992,PL
366851,2007,conselho deliberativo,1992,PL
366851,2007,diretoria executiva,1992,PL
366851,2007,conselho fiscal,1992,PL
366851,2007,autonomia administrativa,1992,PL
366851,2007,autonomia financeira,1992,PL
366851,2007,empresa pública,1992,PL
366851,2007,concurso público,1992,PL
366851,2007,contratação,1992,PL
366851,2007,pessoal,1992,PL
366851,2007,empresa  administradora,1992,PL
366851,2007,recursos financeiros,1992,PL
366851,2007,parecer,1992,PL
366851,2007,comissão de valores mobiliários,1992,PL
366851,2007,aplicação,1992,PL
366851,2007,fundos de investimento,1992,PL
366851,2007,fiscalização,1992,PL
366851,2007,controle,1992,PL
366851,2007,órgão regulador,1992,PL
366851,2007,previdência privada,1992,PL
343615,2007,definição,301,PL
343615,2007,violação,301,PL
343615,2007,direito internacional,301,PL
343615,2007,crime,301,PL
343615,2007,guerra,301,PL
343615,2007,genocídio,301,PL
343615,2007,homicídio,301,PL
343615,2007,escravidão,301,PL
343615,2007,deportação,301,PL
343615,2007,população,301,PL
343615,2007,tortura,301,PL
343615,2007,perseguição,301,PL
343615,2007,perseguição religiosa,301,PL
343615,2007,apartheid,301,PL
343615,2007,desaparecimento,301,PL
343615,2007,pessoas,301,PL
343615,2007,utilização,301,PL
343615,2007,insígnia,301,PL
343615,2007,emblema,301,PL
343615,2007,incitamento,301,PL
343615,2007,normas,301,PL
343615,2007,cooperação,301,PL
343615,2007,assistência judiciária,301,PL
343615,2007,tribunal penal internacional,301,PL
435878,2009,eleição,5279,PL
435878,2009,parlamentar,5279,PL
435878,2009,(mercosul),5279,PL
435878,2009,aplicação,5279,PL
435878,2009,normas,5279,PL
435878,2009,escolha,5279,PL
435878,2009,votação,5279,PL
435878,2009,candidato,5279,PL
435878,2009,representação proporcional,5279,PL
435878,2009,região,5279,PL
435878,2009,sistema proporcional,5279,PL
435878,2009,lista fechada,5279,PL
435878,2009,partido partido,5279,PL
435878,2009,coligação partidária,5279,PL
435878,2009,simultaneidade,5279,PL
435878,2009,período,5279,PL
435878,2009,eleições,5279,PL
435878,2009,circunscrição,5279,PL
435878,2009,país,5279,PL
435878,2009,participação,5279,PL
435878,2009,horário eleitoral gratuito,5279,PL
435878,2009,propaganda eleitoral gratuita,5279,PL
435878,2009,fixação,5279,PL
435878,2009,percentual,5279,PL
435878,2009,limite mínimo,5279,PL
435878,2009,limite máximo,5279,PL
435878,2009,cota,5279,PL
435878,2009,candidatura,5279,PL
435878,2009,sexo,5279,PL
435878,2009,etnia,5279,PL
435878,2009,incompatibilidade,5279,PL
435878,2009,desempenho,5279,PL
435878,2009,cargo eletivo,5279,PL
435878,2009,legislativo,5279,PL
435878,2009,executivo,5279,PL
520245,2011,normas,2330,PL
520245,2011,realização,2330,PL
520245,2011,copa das confederações,2330,PL
520245,2011,copa do mundo,2330,PL
520245,2011,proteção,2330,PL
520245,2011,exploração,2330,PL
520245,2011,propriedade industrial,2330,PL
520245,2011,cadastro,2330,PL
520245,2011,marca,2330,PL
520245,2011,titularidade,2330,PL
520245,2011,fifa,2330,PL
520245,2011,restrição,2330,PL
520245,2011,área,2330,PL
520245,2011,distribuição,2330,PL
520245,2011,comercialização,2330,PL
520245,2011,divulgação,2330,PL
520245,2011,exclusividade,2330,PL
520245,2011,direitos,2330,PL
520245,2011,imagem,2330,PL
520245,2011,som,2330,PL
520245,2011,radiodifusão,2330,PL
520245,2011,transmissão,2330,PL
520245,2011,retransmissão,2330,PL
520245,2011,competição,2330,PL
520245,2011,credenciamento,2330,PL
520245,2011,imprensa,2330,PL
520245,2011,penalidade,2330,PL
520245,2011,crime,2330,PL
520245,2011,sanção civil,2330,PL
520245,2011,indenização,2330,PL
520245,2011,visto de entrada,2330,PL
520245,2011,trabalho,2330,PL
520245,2011,membros,2330,PL
520245,2011,delegação,2330,PL
520245,2011,trabalhador,2330,PL
520245,2011,confederação,2330,PL
520245,2011,responsabilidade civil,2330,PL
520245,2011,contratação,2330,PL
520245,2011,seguro privado,2330,PL
520245,2011,venda,2330,PL
520245,2011,preço,2330,PL
520245,2011,ingresso,2330,PL
520245,2011,criação,2330,PL
520245,2011,juizado especial,2330,PL
520245,2011,vara especializada,2330,PL
520245,2011,julgamento,2330,PL
520245,2011,causa judicial,2330,PL
520245,2011,evento,2330,PL
520245,2011,autorização,2330,PL
520245,2011,união federal,2330,PL
520245,2011,estados,2330,PL
520245,2011,municípios,2330,PL
520245,2011,decretação,2330,PL
520245,2011,feriado,2330,PL
520245,2011,sede,2330,PL
520245,2011,jogo,2330,PL
527723,2011,alteração,549,MPV
527723,2011,legislação tributária federal,549,MPV
527723,2011,redução,549,MPV
527723,2011,alíquota zero,549,MPV
527723,2011,pis-pasep,549,MPV
527723,2011,cofins,549,MPV
527723,2011,importação,549,MPV
527723,2011,venda,549,MPV
527723,2011,mercado interno,549,MPV
527723,2011,equipamento,549,MPV
527723,2011,utilização,549,MPV
527723,2011,pessoa portadora de deficiência,549,MPV
527728,2011,alteração,550,MPV
527728,2011,lei federal,550,MPV
527728,2011,autorização,550,MPV
527728,2011,instituição financeira,550,MPV
527728,2011,caixa econômica federal (cef),550,MPV
527728,2011,banco múltiplo,550,MPV
527728,2011,utilização,550,MPV
527728,2011,recursos,550,MPV
527728,2011,depósito à vista,550,MPV
527728,2011,aquisição,550,MPV
527728,2011,bens,550,MPV
527728,2011,serviço,550,MPV
527728,2011,tecnologia assistiva,550,MPV
527728,2011,beneficiário,550,MPV
527728,2011,pessoa portadora de deficiência,550,MPV
528165,2011,alteração,551,MPV
528165,2011,lei federal,551,MPV
528165,2011,redução,551,MPV
528165,2011,percentual,551,MPV
528165,2011,adicional,551,MPV
528165,2011,tarifa aeroportuária,551,MPV
528165,2011,distribuição,551,MPV
528165,2011,recursos,551,MPV
528165,2011,governo federal,551,MPV
528165,2011,governo estadual,551,MPV
528165,2011,receita,551,MPV
528165,2011,fundo nacional de aviação civil (fnac),551,MPV
528165,2011,tarifa,551,MPV
528165,2011,embarque internacional,551,MPV
528165,2011,tarifa de conexão,551,MPV
528165,2011,critérios,551,MPV
528165,2011,isenção,551,MPV
528165,2011,fixação,551,MPV
528165,2011,tarifa de uso das comunicações e dos auxílios à navegação aérea em rota,551,MPV
528165,2011,tarifa de uso das comunicações e dos auxílios-rádio à navegação aérea em Área de controle de aproximação,551,MPV
528165,2011,tarifa de uso das comunicações e dos auxílios-rádio à navegação aérea em Área de controle de aeródromo,551,MPV
528165,2011,responsabilidade,551,MPV
528165,2011,comando da aeronáutica,551,MPV
528165,2011,autorização,551,MPV
528165,2011,empresa brasileira de infraestrutura aeroportuária (infraero),551,MPV
528165,2011,criação,551,MPV
528165,2011,empresa,551,MPV
528165,2011,subsidiária,551,MPV
36162,2001,alteração,438,PEC
36162,2001,constituição federal (1988),438,PEC
36162,2001,expropriação,438,PEC
36162,2001,gleba,438,PEC
36162,2001,confisco,438,PEC
36162,2001,terras,438,PEC
36162,2001,propriedade rural,438,PEC
36162,2001,exploração,438,PEC
36162,2001,trabalho escravo,438,PEC
36162,2001,destinação,438,PEC
36162,2001,reforma agrária,438,PEC
36162,2001,assentamento rural,438,PEC
36162,2001,trabalhador rural,438,PEC
36162,2001,colono,438,PEC
36162,2001,custeio,438,PEC
36162,2001,atividade,438,PEC
36162,2001,fiscalização,438,PEC
36162,2001,repressão,438,PEC
36162,2001,crime,438,PEC
290677,2005,alteração,416,PEC
290677,2005,constituição federal,416,PEC
290677,2005,criação,416,PEC
290677,2005,sistema nacional de cultura,416,PEC
290677,2005,organização,416,PEC
290677,2005,participação,416,PEC
290677,2005,(mec),416,PEC
290677,2005,conselho nacional de cultura,416,PEC
290677,2005,secretaria,416,PEC
290677,2005,estados,416,PEC
290677,2005,municípios,416,PEC
290677,2005,(df),416,PEC
290677,2005,incentivo,416,PEC
290677,2005,financiamento,416,PEC
290677,2005,desenvolvimento,416,PEC
290677,2005,atividade cultural,416,PEC
290677,2005,museu,416,PEC
290677,2005,biblioteca,416,PEC
290677,2005,arquivo,416,PEC
290677,2005,sistema de informação,416,PEC
290677,2005,fomento,416,PEC
290677,2005,cultura,416,PEC
290677,2005,articulação,416,PEC
290677,2005,trabalho,416,PEC
290677,2005,políticas públicas,416,PEC
290677,2005,educação,416,PEC
290677,2005,ciência e tecnologia,416,PEC
290677,2005,turismo,416,PEC
290677,2005,esporte,416,PEC
290677,2005,saúde,416,PEC
290677,2005,comunicação social,416,PEC
290677,2005,direitos humanos,416,PEC
290677,2005,meio ambiente,416,PEC
304008,2005,alteração,471,PEC
304008,2005,constituição federal,471,PEC
304008,2005,efetivação,471,PEC
304008,2005,inexigibilidade,471,PEC
304008,2005,dispensa,471,PEC
304008,2005,concurso público,471,PEC
304008,2005,vacância,471,PEC
304008,2005,responsável,471,PEC
304008,2005,substituto,471,PEC
304008,2005,manutenção,471,PEC
304008,2005,atuação,471,PEC
304008,2005,serviço notarial,471,PEC
304008,2005,cartório,471,PEC
304008,2005,delegação de competência,471,PEC
304008,2005,poder público,471,PEC
325847,2006,alteração,362,PLP
325847,2006,lei complementar,362,PLP
325847,2006,criação,362,PLP
325847,2006,banco da terra,362,PLP
325847,2006,concessão,362,PLP
325847,2006,financiamento,362,PLP
325847,2006,beneficiário,362,PLP
325847,2006,partilha de bens,362,PLP
325847,2006,herdeiro,362,PLP
325847,2006,aquisição,362,PLP
325847,2006,imóvel rural,362,PLP
325847,2006,propriedade rural,362,PLP
325847,2006,manutenção,362,PLP
325847,2006,unidade,362,PLP
325847,2006,propriedade,362,PLP
325847,2006,família,362,PLP
528091,2011,convocação,514,PDC
528091,2011,plebiscito,514,PDC
528091,2011,eleição municipal,514,PDC
528091,2011,eleição distrital,514,PDC
528091,2011,eleição estadual,514,PDC
528091,2011,eleição federal,514,PDC
533505,2011,alteração,554,MPV
533505,2011,lei federal,554,MPV
533505,2011,programa nacional de microcrédito produtivo orientado (pnmpo),554,MPV
533505,2011,união federal,554,MPV
533505,2011,concessão,554,MPV
533505,2011,subvenção econômica,554,MPV
533505,2011,instituição financeira,554,MPV
533505,2011,equalização,554,MPV
533505,2011,custos,554,MPV
533505,2011,contratação,554,MPV
533505,2011,acompanhamento,554,MPV
533505,2011,operação financeira,554,MPV
533505,2011,microcrédito,554,MPV
533505,2011,subvenção,554,MPV
533505,2011,financiamento,554,MPV
533505,2011,estoque,554,MPV
533505,2011,álcool combustível,554,MPV
533505,2011,critérios,554,MPV
533505,2011,conselho monetário nacional (cmn),554,MPV
494004,2011,alteração,643,PL
494004,2011,código penal,643,PL
494004,2011,aumento,643,PL
494004,2011,pena,643,PL
494004,2011,contrabando,643,PL
494004,2011,descaminho,643,PL
494004,2011,prazo em dobro,643,PL
494004,2011,utilização,643,PL
494004,2011,transporte marítimo,643,PL
494004,2011,transporte fluvial,643,PL
494004,2011,equiparação,643,PL
494004,2011,crime,643,PL
494004,2011,atividade,643,PL
494004,2011,exposição,643,PL
494004,2011,venda,643,PL
494004,2011,aquisição,643,PL
494004,2011,manutenção,643,PL
494004,2011,ocultação,643,PL
494004,2011,mercadoria estrangeira,643,PL
494004,2011,retorno,643,PL
494004,2011,mercadoria nacional,643,PL
494004,2011,exportação,643,PL
544136,2012,alteração,3839,PL
544136,2012,lei das eleições,3839,PL
544136,2012,registro,3839,PL
544136,2012,candidato,3839,PL
544136,2012,certidão de quitação eleitoral,3839,PL
544136,2012,prestação de contas,3839,PL
544136,2012,campanha eleitoral,3839,PL
544136,2012,desaprovação,3839,PL
544136,2012,penalidade,3839,PL
544136,2012,multa,3839,PL
533535,2012,alteração,558,MPV
533535,2012,limite,558,MPV
533535,2012,redefinição,558,MPV
533535,2012,parque nacional da amazônia,558,MPV
533535,2012,parque nacional dos campos amazônicos,558,MPV
533535,2012,parque nacional mapinguari,558,MPV
533535,2012,floresta nacional de itaituba,558,MPV
533535,2012,floresta nacional do crepori,558,MPV
533535,2012,Área de proteção ambiental do tapajós,558,MPV
535959,2012,controle acionário,559,MPV
535959,2012,sócio majoritário,559,MPV
535959,2012,celg distribuição s,559,MPV
535959,2012,a,559,MPV
535959,2012,(celg d),559,MPV
535959,2012,alteração,559,MPV
535959,2012,lei federal,559,MPV
535959,2012,autorização,559,MPV
535959,2012,eletrobrás,559,MPV
535959,2012,participação,559,MPV
535959,2012,consórcio de empresas,559,MPV
535959,2012,sociedade,559,MPV
535959,2012,exploração,559,MPV
535959,2012,produção,559,MPV
535959,2012,transmissão,559,MPV
535959,2012,distribuição,559,MPV
535959,2012,energia elétrica,559,MPV
34462,2001,normas,5403,PL
34462,2001,acesso,5403,PL
34462,2001,informações,5403,PL
34462,2001,(internet),5403,PL
34462,2001,manutenção,5403,PL
34462,2001,registro,5403,PL
34462,2001,conexão,5403,PL
34462,2001,ligação,5403,PL
34462,2001,mensagem eletrônica,5403,PL
34462,2001,usuário,5403,PL
34462,2001,data,5403,PL
34462,2001,horário,5403,PL
34462,2001,período,5403,PL
34462,2001,ano,5403,PL
34462,2001,concessionária de serviço de telecomunicação,5403,PL
34462,2001,telefonia,5403,PL
34462,2001,liberação,5403,PL
34462,2001,linha de transmissão,5403,PL
34462,2001,provedor,5403,PL
34462,2001,comprovação,5403,PL
34462,2001,capacidade técnica,5403,PL
34462,2001,atualização,5403,PL
34462,2001,cadastro,5403,PL
34462,2001,cliente,5403,PL
34462,2001,(cpf),5403,PL
34462,2001,(cnpj),5403,PL
34462,2001,informação,5403,PL
34462,2001,ordem judicial,5403,PL
473496,2010,alteração,478,PEC
473496,2010,constituição federal (1988),478,PEC
473496,2010,isonomia,478,PEC
473496,2010,empregado doméstico,478,PEC
473496,2010,direitos trabalhistas,478,PEC
473496,2010,trabalhador urbano,478,PEC
473496,2010,trabalhador rural,478,PEC
473496,2010,(fgts),478,PEC
473496,2010,seguro-desemprego,478,PEC
473496,2010,hora extra,478,PEC
473496,2010,benefício previdenciário,478,PEC
473496,2010,acidente do trabalho,478,PEC
479328,2010,autorização,579,PLP
479328,2010,união federal,579,PLP
479328,2010,estados,579,PLP
479328,2010,(df),579,PLP
479328,2010,municípios,579,PLP
479328,2010,sede,579,PLP
479328,2010,copa do mundo,579,PLP
479328,2010,isenção,579,PLP
479328,2010,(iss),579,PLP
479328,2010,(fifa),579,PLP
529884,2011,alteração,114,PLP
529884,2011,lei de responsabilidade fiscal,114,PLP
529884,2011,inclusão,114,PLP
529884,2011,defensoria pública,114,PLP
529884,2011,estados,114,PLP
529884,2011,execução orçamentária,114,PLP
529884,2011,meta fiscal,114,PLP
529884,2011,proposta orçamentária,114,PLP
529884,2011,repartição fiscal,114,PLP
529884,2011,limite global,114,PLP
529884,2011,despesa de pessoal,114,PLP
529884,2011,relatório resumido,114,PLP
529884,2011,prestação de contas,114,PLP
529884,2011,parecer,114,PLP
529884,2011,controle interno,114,PLP
529884,2011,fiscalização,114,PLP
529884,2011,rateio,114,PLP
529884,2011,despesa corrente,114,PLP
524645,2011,alteração,2565,PL
524645,2011,lei do petróleo,2565,PL
524645,2011,lei do pré-sal,2565,PL
524645,2011,distribuição,2565,PL
524645,2011,aplicação,2565,PL
524645,2011,recursos,2565,PL
524645,2011,royalties,2565,PL
524645,2011,produção,2565,PL
524645,2011,petróleo,2565,PL
524645,2011,gás natural,2565,PL
524645,2011,hidrocarboneto,2565,PL
524645,2011,proibição,2565,PL
524645,2011,ressarcimento,2565,PL
524645,2011,contratado,2565,PL
524645,2011,compensação financeira,2565,PL
524645,2011,produtor,2565,PL
524645,2011,fundo especial,2565,PL
524645,2011,estados,2565,PL
524645,2011,distrito federal,2565,PL
524645,2011,municípios,2565,PL
524645,2011,rateio,2565,PL
524645,2011,equivalência,2565,PL
524645,2011,fpm,2565,PL
524645,2011,fpe,2565,PL
524645,2011,união federal,2565,PL
529011,2011,alteração,2793,PL
529011,2011,código penal,2793,PL
529011,2011,tipicidade,2793,PL
529011,2011,crime,2793,PL
529011,2011,informática,2793,PL
529011,2011,invasão,2793,PL
529011,2011,dispositivo,2793,PL
529011,2011,segurança,2793,PL
529011,2011,destruição,2793,PL
529011,2011,adulteração,2793,PL
529011,2011,dados,2793,PL
529011,2011,informações,2793,PL
529011,2011,interrupção,2793,PL
529011,2011,serviço,2793,PL
529011,2011,falsificação de documento particular,2793,PL
529011,2011,equiparação,2793,PL
529011,2011,cartão de crédito,2793,PL
529011,2011,cartão de débito,2793,PL
496725,2011,alteração,865,PL
496725,2011,lei da nova organização da presidência da república e ministérios,865,PL
496725,2011,criação,865,PL
496725,2011,secretaria da  microempresa e pequena empresa,865,PL
496725,2011,cargo,865,PL
496725,2011,ministro de estado,865,PL
496725,2011,secretário-executivo,865,PL
496725,2011,cargo de natureza especial,865,PL
549909,2012,alteração,574,MPV
549909,2012,legislação tributária federal,574,MPV
549909,2012,parcelamento,574,MPV
549909,2012,débito,574,MPV
549909,2012,pis/pasep,574,MPV
549909,2012,prorrogação,574,MPV
549909,2012,alíquota zero,574,MPV
549909,2012,cofins,574,MPV
549909,2012,massa alimentícia,574,MPV
552689,2012,alteração,575,MPV
552689,2012,lei federal,575,MPV
552689,2012,contrato,575,MPV
552689,2012,parceria público-privada,575,MPV
552689,2012,contraprestação,575,MPV
552689,2012,recursos financeiros,575,MPV
552689,2012,exclusão,575,MPV
552689,2012,apuração,575,MPV
552689,2012,lucro líquido,575,MPV
552689,2012,base de cálculo,575,MPV
552689,2012,cssl,575,MPV
552689,2012,pis/pasep,575,MPV
552689,2012,cofins,575,MPV
552689,2012,proporcionalidade,575,MPV
552689,2012,conclusão,575,MPV
552689,2012,contratação,575,MPV
552689,2012,fundo garantidor de parcerias público-privadas (fgp),575,MPV
552689,2012,aumento,575,MPV
552689,2012,percentual,575,MPV
552689,2012,comprometimento,575,MPV
552689,2012,receita líquida,575,MPV
552689,2012,contrato de parceria,575,MPV
552689,2012,estados,575,MPV
552689,2012,distrito federal,575,MPV
552689,2012,municípios,575,MPV
553247,2012,lei federal,576,MPV
553247,2012,empresa de transporte ferroviário de alta velocidade (etav),576,MPV
553247,2012,transformação,576,MPV
553247,2012,empresa de planejamento e logística s,576,MPV
553247,2012,a,576,MPV
553247,2012,(epl),576,MPV
553247,2012,empresa privada,576,MPV
553247,2012,planejamento,576,MPV
553247,2012,desenvolvimento,576,MPV
553247,2012,integração,576,MPV
553247,2012,meios de transporte,576,MPV
553247,2012,estudo,576,MPV
553247,2012,pesquisa,576,MPV
553247,2012,iimplantação,576,MPV
553247,2012,infraestrutura,576,MPV
553247,2012,operação,576,MPV
553247,2012,exploração,576,MPV
553247,2012,serviço,576,MPV
553247,2012,gestão,576,MPV
553247,2012,patrimônio,576,MPV
553247,2012,supervisão,576,MPV
553247,2012,ministério dos transportes,576,MPV
553247,2012,fiscalização,576,MPV
553247,2012,controladoria-geral da união,576,MPV
553247,2012,tribunal de contas da união,576,MPV
553247,2012,alteração,576,MPV
553247,2012,lei de reestruturação dos transportes aquaviário e terrestre,576,MPV
553247,2012,autorização,576,MPV
553247,2012,prestação de serviço,576,MPV
553247,2012,transporte ferroviário,576,MPV
553247,2012,carga,576,MPV
553247,2012,operador independente,576,MPV
553247,2012,agência nacional de transportes terrestres (antt),576,MPV
553247,2012,regulamentação,576,MPV
553247,2012,cessão,576,MPV
553247,2012,tráfego,576,MPV
553247,2012,trecho ferroviário,576,MPV
553247,2012,concessionária,576,MPV
555727,2012,alteração,579,MPV
555727,2012,lei do setor elétrico,579,MPV
555727,2012,lei da aneel,579,MPV
555727,2012,prorrogação,579,MPV
555727,2012,concessão,579,MPV
555727,2012,geração,579,MPV
555727,2012,transmissão,579,MPV
555727,2012,distribuição,579,MPV
555727,2012,energia elétrica,579,MPV
555727,2012,eficiência,579,MPV
555727,2012,prestação de serviço,579,MPV
555727,2012,tarifas,579,MPV
555727,2012,licitação,579,MPV
555727,2012,aquisição,579,MPV
555727,2012,créditos,579,MPV
555727,2012,eletrobrás,579,MPV
555727,2012,itaipu binacional,579,MPV
